id,名称,别名(释名),气味,主治,附方,生长,考释
1,玉泉,玉札,味甘平,主治五脏百病。柔筋强骨，安魂魄，长肌肉，益气，久服耐寒暑，不饥渴，不老神仙。人临死服五斤，死三年色不变,,,
2,丹沙,,味甘微寒,治身体五脏百病。养精神，安魂魄，益气，明目，杀精魅邪恶鬼。久服通神明不老。能化为汞,,山谷,
3,水银,,味辛寒,主治疥瘙痂疡百秃，杀皮肤中虫虱，堕胎，除热。杀金银铜锡毒，熔化还复为丹。久服神仙不死,,平土,
4,空青,,味甘寒,主治青盲，耳聋。明目，利九窍，通血脉，养精神。久服轻身延年不老。能化铜铁铅锡作金,,山谷,
5,曾青,,味酸小寒,主治目痛，止泪出，风痹，利关节，通九窍，破癥瘕积聚。久服轻身不老。能化金铜,,山谷,
6,白青,,味甘平,主明目，利九窍，耳聋，心下邪气。令人吐，杀诸毒三虫。久服通神明，轻身延年不老,,山谷,
7,云母,云珠/云华/云英/云液/云沙/鳞石,味甘平,主治身皮死肌，中风寒热如在车船上，除邪气，安五脏，益子精，明目，轻身延年,,山谷,
8,朴消,,味苦寒无毒,主治百病，除寒热邪气，逐六腑积聚，结固留癖。能化七十二种石。炼饵服之，轻身神仙,,山谷,
9,消石,芒硝,味苦寒,主治五脏积热，胃胀闭。涤去畜结饮食，推陈致新，除邪气。炼之如膏，久服轻身,,山谷,
10,矾石,羽涅,味酸寒,主治寒热泄利，白沃阴蚀，恶疮目痛，坚骨齿。炼饵服之，轻身不老增年,,山谷,
11,滑石,,味甘寒,主治身热泄澼，女子乳难，癃闭。利小便，荡胃中积聚寒热，益精气。久服轻身，耐饥，长年,,赭阳山谷,
12,紫石,,味甘平,主治心腹欬逆邪气，补不足，女子风寒在子宫，绝孕十年无子。久服温中，轻身，延年,,太山山谷,
13,白石英,,味甘微温,主治消渴，阴痿不足，欬逆，胸膈间久寒。益气，除风湿痹。久服轻身，长年,,山谷,
14,青石/赤石/黄石/白石/黑石脂,,味甘平,主治黄疸，泄利，肠澼脓血，阴蚀，下血赤白，邪气，痈肿，疽痔恶疮，头疡，疥瘙。久服补髓益气，肥健，不饥，轻身，延年。五石脂，各随五色补五脏,,山谷,
15,太一禹余粮,石脑,味甘平,主治咳逆上气，癥瘕，血闭，漏下，除邪气。久服耐寒暑不饥，轻身飞行千里神仙,,山谷,
16,禹余粮,,味甘寒,主治咳逆，寒热，烦满，下利赤白，血闭癥家大热。炼饵服之，不饥，轻身，延年,,池泽,
17,雄黄,黄食石,味苦平,主治寒热鼠瘘，恶疮疽痔，死肌，杀精物恶鬼邪气百虫毒，胜五兵。炼食之，轻身神仙,,山谷,
18,石胆,毕石,味酸小寒,主明目目痛，金创诸痫痉，女子阴蚀痛，石淋寒热，崩中下血，诸邪毒气，令人有子。炼饵服之不老，久服增寿神仙。能化铁为铜，成金银,,山谷,
19,石钟乳,,味甘温,主治咳逆上气，明目益精，安五脏，通百节，利九窍，下乳汁,,山谷,
20,雌黄,,味辛平,主治恶疮头秃痂疥，杀毒虫*，身痒，邪气，诸毒。炼之久服，轻身，增年，不老,,山谷,
21,殷孽,姜石,味辛温,主治爛伤瘀血，泄利寒热，鼠瘘，癥瘕结气,,山谷,
22,孔公孽,,味辛温,主治伤食不化，邪结气，恶疮疽瘘痔，利九窍，下乳汁,,山谷,
23,石流黄,,味酸温有毒,主治妇人阴蚀，疽痔恶血，坚筋骨，除头秃，能化金银铜铁奇物,,山谷中,
24,阳起石,白石,味酸无毒,主治崩中漏下，破子藏中血，癥瘕结气，寒热腹痛，无子，阴痿不起，补不足,,奇山山谷,
25,凝水石,白水石,味辛寒,主治身热，腹中积聚邪气，皮中如火烧，烦满。水饮之。久服不饥,,山谷,
26,慈石,玄石,味辛寒,主治周痹风湿，支节中痛，不可持物，洗洗酸痛，除大热烦满及耳聋,,山谷,
27,理石,立制石,味辛寒,主治身热，利胃解烦，益精明目，破积聚，去三虫,,山谷,
28,长石,方石,味辛寒,主治身热，四肢寒厥，利小便，通血脉，明目去翳，眇，去三虫，杀蛊毒。久服不饥,,山谷,
29,肤青,推青,味辛,主治蛊毒，毒蛇，菜肉諸毒，恶创,,山谷,
30,铁落,,味辛平,主治风热恶创，疡疽创痂疥，气在皮肤中。铁，主坚肌耐痛。铁精主明目化铜,,平泽,
31,石膏,,味辛微寒,主治中风寒热，心下逆气惊喘，口干舌焦不得息，腹中坚痛，除邪鬼，产乳，金创,,山谷,
32,青琅玕,石珠,味辛平,主治身痒，火创，痈伤，疥瘙，死肌,,平泽,
33,礬*石,青分石/立制石/固羊石,味辛有毒,主治寒熱鼠瘘，蚀疮，死肌，风痹，腹中坚，邪气，除热,,山谷,
34,代赭,须丸,味苦寒,主治鬼注，贼风，蛊毒，杀精物恶鬼，腹中毒邪气，女子赤沃漏下,,山谷,
35,卤咸,,味苦咸寒,主治大热，消渴，狂烦，除邪，及吐下蛊毒，柔肌肤。大盐，令人吐。戎盐，明目，目痛，益气，坚肌骨，去蛊毒,,池泽,
36,白垩,,味苦温,主治女子寒热癥瘕，月闭，积聚，阴肿痛，漏下，无子,,山谷,
37,铅丹,,味辛微寒,主治咳逆胃反，惊痫癫疾，除热下气。炼化还成九光。久服通神明,,平泽,
38,粉锡,解锡,味辛寒,主治伏尸毒螫，杀三虫。锡铜镜鼻，主治女子血闭，癥瘕伏肠，绝孕,,贵阳山谷,
39,石灰,恶灰,味辛温,主治痈疡疥瘙，热气，恶疮癞疾，死肌堕眉，杀痔虫，去黑子息肉,,山谷,
40,冬灰,藜灰,味辛微温,主治黑子，去疣息肉，疽蚀疥瘙,,川泽,
41,青芝,龙芝,味酸平,主明目，补肝气，安精魂，仁恕。久食轻身不老，延年神仙,,山谷,
42,赤芝,丹芝,味苦平,主治胸中结，益心气，补中，增智慧，不忘。久食轻身不老，延年神仙,,山谷,
43,黄芝,金芝,味甘平,主治心腹五邪，益脾气，安神，忠信和乐。久食轻身不老，延年神仙,,山谷,
44,白芝,玉芝,味辛平,主治咳逆上气，益肺气，通利口鼻，强志意勇悍，安魄。久食轻身不老，延年神仙,,山谷,
45,黑芝,玄芝,味咸平,主治癃，利水道，益肾气，通九窍，聪察。久食轻身不老，延年神仙,,山谷,
46,紫芝,木芝,味甘温,主治耳聋，利关节，保神，益精气，坚筋骨，好颜色。久食轻身不老，延年神仙,,山谷,
47,天门冬,颠勒,味苦平,主治诸暴风湿偏痹，强骨随，杀三虫，去伏尸。久服轻身益气延年,,山谷,
48,术,山蓟,味苦温,主治湿痹，死肌，痉疸，止汗除热，消食，化煎饵。久服轻身，延年不饥,,郑山山谷,
49,干地黄,地髓,味甘寒,主治折跌绝筋伤中，逐血痹，填骨髓，长肌肉。做汤，除寒热积聚，除痹。生者尤良,,川泽,
50,菖蒲,昌阳,味辛温,主治风寒湿痹，咳逆上气，开心孔，补五脏，通九窍，明耳目，出音声。久服轻身，不忘，不迷惑，延年,,池泽,
51,远志,葽绕/细草,味苦温,主治咳逆伤中，补不足，除邪气，利九窍，益智慧，耳目聪明，不忘，强智倍力。久服轻身不老。叶名小草,,川谷,
52,泽泻,水泻/芒芋/鹄泻,味甘寒,主治风寒湿痹，乳难，消水，养五脏，益气力，肥健。久服耳目聪明，不饥，延年轻身，面生光，能行水上,,池泽,
53,署豫,山芋,味甘小温,主治伤中，补虚羸，除寒热邪气，补中益气力，长肌肉。久服耳目聪明，轻身不饥延年,,山谷,
54,菊华,节华,味苦平,主治风头，头眩肿痛，目欲脱，泪出，皮肤死饥，恶风湿痹。久服利血气，轻身耐老延年,,川泽,
55,人參,人衔/鬼盖,味甘小寒,主補五臟，安精神，定魂魄，止惊悸，除邪气，明目，开心益智,,山谷,
56,石斛,林兰,味甘平,主治伤中，除痹下气，补五脏虚劳羸瘦，强阴。久服厚肠胃，轻身延年,,山谷,
57,石龙芮,鲁果能/地椹,味苦平,主治风寒湿痹，心腹邪气，利关节，止烦满。久服轻身明目不老,,川泽,
58,牛膝,石倍,味苦（酸）平,主治寒湿痿痹，四肢拘挛，膝痛不可屈伸，逐血气，伤热火烂，堕胎。久服轻身耐老,,川谷,
59,独活,羌活/羌青/护羌使者,味苦平无毒,主治风寒所出，金创，止痛，賁豚痫痉，女子疝瘕。久服轻身耐老,,川谷,
60,升麻,周升麻,味甘平,主解百毒，杀百精老物殃鬼，辟温疫瘴邪蛊毒。久服不夭，轻身长年，,,山谷,
61,茨胡,地薰,味苦平,主治心腹肠胃中结气，饮食积聚，寒热邪气，推陈致新，久服轻身，明目，益精,,川谷,
62,防葵,梨盖,味辛寒,主治疝瘕肠泄，膀胱热结溺不下，咳逆，温疟，癫痫，惊邪狂走。久服坚骨髓，益气轻身,,川谷,
63,著实,,味苦平,主治阴痿，益气，充肌肤，明目聪慧先知。久服不饥，不老轻身,,川谷,
64,奄闾子,,味苦小温无毒,主治五脏瘀血，腹中水气，胪胀留热，风寒湿痹，身体诸痛。久服轻身延年不老,,川谷,
65,薏苡人,解蠡,味甘微寒,主治筋急拘挛不可屈伸，风湿痹，下气。久服轻身益气。其根下三虫,,平泽,
66,车前子,当通,味甘寒无毒,主治气癃，止痛，利水道小便，除湿痹。久服轻身耐老,,平泽,
67,析蓂子,蔑析/大蕺/马辛,味辛酸温无毒,主明目，目痛泪出，除痹补五脏，益精光。久服轻身不老,,山泽,
68,充蔚子,益母/益明/大札,味辛微温,主明目益惊，除水气。久服轻身。茎，主瘾疹痒，可作汤浴,,池泽,
69,木香,,味辛温,主治邪气，辟毒疫温鬼，强志，主淋露。久服不梦寤魇寐,,山谷,
70,菟丝子,菟芦,味辛平,主续绝伤，补不足，益气力，肥健。汁，去面黑皯。久服明目轻身延年,,山谷,
71,巴戟天,,味辛微温,主治大风邪气，阴痿不起。强筋骨，安五脏，补中，增志，益气,,山谷,
72,白莫,,味甘寒,主治寒热，八疸，消渴。补中益气。久服轻身延年,,穀菜,
73,白蒿,,味甘平,主治五脏邪气，风寒湿痹，补中益气，长毛发令黑，疗心悬，少食常饥。久服轻身，耳目聪明，不老,,川泽,
74,地肤子,地葵,味苦寒,主治膀胱热，利小便，补中益精气。久服耳目聪明，轻身耐老,,平泽,
75,石龙芻,龙须/草续断,味苦微寒,主治心腹邪气，小便不利，淋闭。风湿鬼注恶毒。久服补虚羸，轻身，耳目聪明，延年,,山谷,
76,黄连,王连，,味苦无毒,主治热气，目痛眦伤泣出，明目，肠澼腹痛下利，妇人阴中肿痛。久服令人不忘,,川谷。（亦贴生于树木或墙壁上）,
77,王不留行,,味苦平,主治金创，止血，逐痛，出刺，除风痹内寒。久服轻身耐老增寿,,山谷,
78,蓝实,,味苦寒,主解诸毒，杀虫蚑注鬼螫毒。久服头不白，轻身,,平泽。（靛花，即青黛）,
79,景天,戒火/慎火,味苦酸平,主大热火疮，身热烦，邪恶气。华，主女人漏下赤白，轻身明目,,川谷,
80,天名精,麦句姜/虾蟆蓝/豕首,味甘寒,主治瘀血血瘕欲死，下血，止血，利小便，除小虫，去痹，除胸中结热，止烦渴。久服轻身耐老。（注：又名地菘，子名鹤虱，根名吐牛膝）,,川泽,
81,蒲黄,,味甘平,主治心腹膀胱寒热，利小便，止血，消瘀血。久服轻身，益气力，延年神仙,,池泽,
82,香蒲,睢,味甘平,主治五脏心下邪气，口中烂臭，坚齿，明目，聪耳。久服轻身耐劳,,池泽,
83,兰草,水香,味辛平,主利水道，杀蛊毒，辟不祥。久服益气，轻身，不老，通神明,,池泽,
84,决明子,,味咸平,主治青芒，目淫肤赤白膜，眼赤痛泪出。久服益精光轻身,,川泽,
85,云实,员实/天豆/云英,味辛小温,主治泄利肠澼，杀虫蛊毒，去邪恶结气，止痛，除寒热。华，主治见鬼精物。多食令人狂走。久服轻身，通神明,,川谷,
86,黄芪,戴糁,味甘微温,主治痈疽久败疮，排脓止痛，大风癞疾，五痔鼠瘘，补虚，小儿百病,,山谷,
87,蛇床子,蛇粟/蛇米,味苦平,主治妇人阴中肿痛，男子阴漏，湿痒，除痹气，利关节，癫痫恶疮。久服轻身,,川谷,
88,漏芦,野兰,味苦咸寒,主治皮肤热，恶疮疽痔，湿痹，下乳汁。久服轻身益气，耳目聪明，不老延年,,山谷,
89,旋华,筋根华/金沸,味甘温,主益气，去面皯黑色，媚好。根，主腹中寒热邪气，利小便。久服不饥轻身,,平泽,
90,白兔藿,白葛,味苦平,主治蛇虺蜂虿猘狗菜肉蛊毒，鬼注,,山谷,
91,青蘘,,味甘寒,主治五臟邪气，风寒湿痹，益气，补脑髓，坚筋骨。久服耳目聪明，不饥，不老，增寿。巨胜苗也（即胡麻之苗）,,川谷,
92,当归,乾归,味甘温无毒,主治欬逆上气，温疟热洗洗在皮肤中，妇人漏下绝子诸恶疮疡，金创，主饮之,,川谷,
93,赤箭,离母/鬼督邮,味辛温,主杀鬼精物，蛊毒恶气。久服益气力，长阴，肥健，轻身增年,,川谷,
94,麦门冬,,味甘平,主治心腹结气，伤中伤饱，胃络脉绝，羸瘦短气。久服轻身，不老，不饥,,川谷,
95,卷柏,万岁,味辛平,主治五脏邪气，女子阴中寒热痛，癥瘕，血闭，绝子。久服轻身，和颜色,,山谷,
96,肉松容,,味咸,主治五劳七伤，补中，除茎中寒热痛，养五脏，强阴，益精气，多子，妇人癥瘕。久服轻身,,山谷,
97,蒺藜子,旁通/屈人/止行/豺羽/升推,味苦温,主治恶血，破癥结积聚喉痹，乳难。久服长肌肉，明目轻身,,平泽,
98,防风,铜芸,味甘温无毒,主治大风眩痛，恶风风邪，目盲无所见，风行周身，骨节疼痛，烦满。久服轻身,,川泽,
99,沙参,知母,味苦微寒无毒,主治血积惊气，除寒热，补中益肺气。久服利人,,川谷,
100,芎穷,,味辛温无毒,主治中风入脑头痛，寒痹筋挛缓急，金创，妇人血闭无子,,川谷,
101,麋芜,,味辛温,主治欬逆，定惊气，辟邪恶，除蛊毒鬼注，去三虫。久服通神,,薇芜,
102,续断,龙豆/属折,味苦微温,主治伤寒，补不足，金创痈伤折跌，续筋骨，妇人乳难。久服益气力,,山谷,
103,茵陈蒿,,味苦无毒,主治风湿寒热邪气，热结黄疸。久服轻身，益气，耐老,,太山丘陵坡岸上,
104,五味,,味酸温,主益气，咳逆上气，劳伤羸瘦，补不足，强阴，益男子精,,山谷,
105,秦艽,,味苦平,主治寒热邪气，寒湿风痹肢节痛，下水利小便,,山谷,
106,黄芩,腐肠,味苦平,主治诸热黄疸，肠澼泄利，逐水，下血闭，恶疮疽蚀，火疡,,川谷,
107,勺药,,味苦,主治邪气腹痛，除血痹，破坚积寒热疝瘕，止痛，利小便，益气,,川谷,
108,干姜,,味辛温,主治胸满咳逆上气，温中，止血，出汗，逐风湿痹，肠澼下利，生者尤良。久服去臭气，通神明,,川谷,
109,蒿本,鬼卿/地新,味辛微温,主治妇人疝瘕，阴中寒肿痛，腹中急，除风头痛，长肌肤，悦颜色,,山谷,
110,麻黄,龙沙,味苦温无毒,主治中风伤寒头痛，温疟，发表出汗，去邪热气，止欬逆上气，除寒热，破癥坚积聚,,山谷,
111,葛根,鸡齐根,味甘平,主治消渴，身大热，呕吐，诸痹，起阴气，解诸毒。葛谷，主下利十岁以上,,川谷,
112,知母,母蚳/连母/野蓼/地参/水参/水浚/货母,味苦寒无毒,主治消渴热中，除邪气，肢体浮肿，下水，补不足，益气,,川谷,
113,贝母,空草,味辛平,主治伤寒烦热，淋沥，邪气，疝瘕，喉痹，乳难。金疮风痉,,,
114,栝楼,地楼,味苦寒,主治消渴，身热烦满，大热。补虚安中，续绝伤,,川谷山阴,
115,丹参,却蝉草,味苦微寒无毒,主治心腹邪气，肠鸣幽幽如走水，寒热积聚，破癥除瘕，止烦满，益气,,山谷,
116,玄参,重台,味苦微寒无毒,主治腹中寒热积聚，女子产乳余疾。补肾气，令人目明,,川谷,
117,苦参,水槐/苦識,味苦寒,主治心腹结气，疝瘕积聚，黄疸，溺有余沥，逐水，除痈肿。补中，明目止泪,,山谷田野,
118,狗脊,百枝,味苦平,主腰背强，关机缓急，周痹，寒湿膝痛。颇利老人,,川谷,
119,萆薢,,味苦平,主治腰背痛强，骨节风寒湿周痹。恶疮不瘳，热气,,山谷,
120,通草,附支,味辛平,主去恶虫，除脾胃寒热，通利九窍血脉关节，令人不忘,,山谷,
121,瞿麦,巨句麦,味苦寒,主治关格诸癃结，小便不通，出刺，决痈肿，明目去翳，破胎堕子，下闭血,,川谷,
122,败酱,鹿肠,味苦平,主治暴热火疮，赤气，疥瘙疽痔，马鞍，热气,,川谷,
123,白芷,芳香,味辛温,主治女人漏下赤白，血闭，阴肿，寒热，风头，侵目泪出，长肌肤，润泽，可作面脂,,川谷,
124,杜若,杜蘅,味辛微温,主治胸胁下逆气，温中，风入脑户，头肿痛，多涕泪出。久服益精，明目，轻身,,川泽,
125,紫草,紫丹/紫芙/地血,味苦寒,主心腹邪气，五疸，补中益气，利九窍，通水道,,山谷,
126,紫菀,,味苦温,主治咳逆上气，胸中寒热结气，去蛊毒痿蟨，安五脏,,山谷,
127,白鲜,,味苦寒,主治头风，黄疸，咳逆，淋沥，女子阴中肿痛，湿痹死肌，不可屈伸，起止行步,,川谷,
128,薇衔,麋衔,味苦平,主治风湿痹，历节痛，惊痫吐舌，悸气贼风，鼠瘘痈肿,,川泽,
129,白薇,,味苦平,主治暴中风身热，肢满，忽忽不知人，狂惑邪气，寒热酸疼，温疟洗洗，发作有时,,川泽,
130,葈耳实,胡葈/地葵,味甘温,主治风头寒痛，风湿周痹，四肢拘挛痛，恶肉死肌。久服益气，耳目聪明，强志轻身,,川谷,
131,茅根,兰根/茹根,味甘寒,主治劳伤虚羸，补中益气，除瘀血，血闭寒热，利小便。其苗主下水,,山谷,
132,酸酱,酢酱,味酸平,主治热烦满，定志益气，利水道，产难，吞其实立产,,川泽,
133,淫羊藿,刚前,味辛寒,主治阴痿，绝伤，茎中痛，利小便。益气力，强志,,山谷,
134,蠡实,剧草/三坚/豕首,味甘平,主治皮肤寒热，胃中热气，风寒湿痹。坚筋骨，令人嗜食。久服轻身。华叶，去白虫,,川谷,
135,款冬,槖吾/颗东/虎虚/菟奚,味辛温,主治咳逆上气，善喘，喉痹，诸惊痫，寒热邪气,,山谷,
136,防己,解离,味辛平,主治风寒温疟热气，诸痫，除邪利大小便,,川谷,
137,女菀,,味辛温,主治风寒洗洗，霍乱泄痢，肠鸣上下无常处，惊痫寒热百疾,,川谷,
138,泽兰,虎兰/龙枣,味酸无毒,主治乳妇衄血，中风余疾，大腹水肿，身面四支浮肿，骨节中水，金创，痈肿疮脓,,泽傍,
139,地榆,,味苦微寒,主治妇人乳痛，七伤，带下病，止痛，除恶肉，止汗，疗金创,,山谷,
140,王孙,,味苦平无毒,主治五脏邪气，寒湿痹，四肢疼酸，膝冷痛,,川谷,
141,爵床,,味咸寒,主治腰脊痛不得著床，俯仰艰难，除热，可作浴汤,,山谷,
142,马先蒿,马矢蒿,味苦平,主治寒热鬼注，中风湿痹，女子带下病，无子,,川泽,
143,蜀羊泉,,味苦微寒,主治头秃恶疮，热气疥瘙痂癣虫，疗龋齿,,川谷,
144,积雪草,,味苦寒，,主治大热，恶疮痈疽，浸淫赤熛，皮肤赤，身热,,川谷,
145,垣衣,昔邪/乌韭/垣嬴/天韭/鼠韭,味酸无毒,主治黄疸，心烦咳逆，血气，暴热在肠胃，金创内寒。久服补中益气，长肌，好颜色,,古垣墙阴或屋上,
146,水萍,水华,味辛寒,主治暴热身痒，下水气，胜酒，长须发，止消渴。久服轻身,,池泽,
147,海藻,落首,味苦寒,主治癭瘤气，颈下核，破散结气，痈肿，癥瘕坚气，腹中上下鸣，下十二水肿,,池泽,
148,桔梗,,味苦无毒,主治胸胁痛如刀刺，腹满肠鸣幽幽，惊恐悸气,,山谷,
149,旋覆花,金沸草/盛湛,味咸温,主治结气，胁下满，惊悸，除水，去五脏间寒热。补中下气,,川谷,
150,蛇全,蛇衔,味苦微寒,主治惊痫寒热邪气，除热，金创，疽痔鼠瘘，恶疮头疡,,山谷,
151,假苏,鼠蓂,味辛温,主治寒热鼠瘘瘰疬生疮，破结聚气，下瘀血，除湿痹,,川泽,
152,营实,墙薇/墙麻/牛棘,味酸温,主治痈疽恶疮，结肉跌筋，败疮热气，阴蚀不瘳，利关节,,山谷,
153,牡丹,鹿韭/鼠姑,味辛寒,主治寒热中风，瘈疭痉，惊痫邪气，除癥坚，瘀血，留舍肠胃，安五脏，疗痈疮,,山谷,
154,石韦,石樜,味苦平,主治劳热邪气，五癃闭不通，利小便水道,,山谷石上,
155,百合,,味甘平,主治邪气腹胀心痛，利大小便。补中益气,,川谷,
156,紫参,牡蒙,味苦寒,主治心腹积聚，寒热邪气，通九窍，利大小便,,山谷,
157,王瓜,土瓜,味苦寒,主治消渴内痹，瘀血月闭，寒热酸疼，益气愈聋,,平泽,
158,大黄,,味苦寒有毒,主下瘀血，血闭，寒热，破癥瘕积聚，留饮宿食，荡涤肠胃，推陈致新，通利水谷，调中化食，安和五脏,,山谷,
159,甘遂,主田,味苦寒有毒,主治大腹疝瘕，腹满，面目浮肿，留饮宿食，破癥坚积聚，利水谷道,,川谷,
160,亭历,大室/大适,味辛寒,主治癥瘕积聚结气，饮食寒热，破坚逐邪，通利水道,,平泽及田野,
161,芫华,去水,味苦温有毒,主治欬逆上气，喉鸣喘，咽肿气短，蛊毒鬼疟，疝瘕痈肿，杀虫鱼,,川谷,
162,泽漆,,味苦微寒,主治皮肤热，大腹水气，四肢面目浮肿，丈夫阴气不足,,川泽,
163,荛华,,味苦寒,主治伤寒温疟，下十二水，破积聚大坚癥瘕，荡涤肠胃中留癖饮食，寒热邪气，利水道,,川谷,
164,钩吻,治葛,味辛温,主治金疮乳，中恶风，咳逆上气，水肿，杀鬼注蛊毒,,山谷,
165,藜芦,黄苒,味辛寒有毒,主治蛊毒，咳逆，泄痢肠澼，头疡疥瘙恶疮，杀诸虫毒，去死肌,,山谷,
166,乌头,奚毒/即子/乌喙,味辛温有毒,主治中风恶风洗洗，出汗，除寒湿痹，咳逆上气，破积聚寒热。其汁煎之，名射罔，杀禽兽,,山谷,
167,天雄,白幕,味辛温,主治大风，寒湿痹，历节痛，拘挛缓急，破积聚，邪气，金创，强筋骨，轻身健行,,山谷,
168,附子,,味辛温有毒,主治风寒咳逆邪气，温中，金创，破癥堅积聚，血瘕寒湿，踒躄拘挛，膝痛不能行走,,山谷,
169,羊踯躅,,味辛温有毒,主治贼风在皮肤中淫淫痛，温疟，恶毒，诸痹,,川谷,
170,茵芋,,味苦温,主治五脏邪气，心腹寒热羸瘦，如疟状发作有时，诸关节风湿痹痛,,川谷,
171,射干,乌扇/乌蒲,味苦平,主治咳逆上气，喉痹咽痛不得消息，散结气，腹中邪逆，食饮大热,,川谷,
172,鸢尾,,味苦平,主治蛊毒邪气，鬼注诸毒，破癥瘕积聚，去水，下三虫,,山谷,
173,贯众,贯节/贯渠/百头/虎卷/扁苻,味苦微寒有毒,主治腹中邪熱氣，诸毒，杀三虫,,山谷,
174,飞廉,飞轻,味苦平,主治骨节热，胫重酸疼。久服令人身轻,,川泽,
175,半夏,地文/水玉,味辛平,主治伤寒寒热，心下坚，下气，喉咽肿痛，头眩胸胀，咳逆肠鸣，止汗,,川谷,
176,虎掌,,味苦温无毒,主治心痛，寒热，结气，积聚伏梁，伤筋痿拘缓，利水道,,山谷,
177,莨荡子,横唐,味苦寒,主治齿痛，出虫，肉痹拘急，使人健行，见鬼，多食令人狂走。久服轻身。走及奔马，强志，益力，通神,,川谷,
178,蜀漆,,味辛平有毒,主治疟及咳逆寒热，腹中癥坚痞结，结聚邪气，蛊毒鬼注,,川谷,
179,恒山,互草,味苦寒,主治伤寒寒热，热发温疟，鬼毒，胸中痰结，吐逆,,川谷,
180,青葙,草蒿/蒌蒿,味苦微寒,主治邪气，皮肤中热，风瘙身痒，杀三虫。子名草决明，疗唇口青,,平谷,
181,狼牙,牙子,味苦寒有毒,主治邪气热气，疥瘙恶疡疮痔，去白虫,,川谷,
182,白蔹,菟核/白草,味苦平,主治痈肿疽疮，散结气，止痛除热，目中赤，小儿惊痫，温疟，女子阴中肿痛,,山谷,
183,白及,甘根/连及草,味苦平,主治痈，主恶疮败疽，伤阴，死肌，胃中邪气，贼风鬼击，痱缓不收,,川谷,
184,草蒿,青蒿/方溃,味苦寒,主治疥瘙痂痒恶疮，杀虱，留热在骨节间，明目,,川泽,
185,雚菌,雚芦,味咸平,主治心痛，温中，去长虫，白徙*，蛲虫，蛇螫毒，癥瘕诸虫,,池泽,
186,连翘,异翘/蕳华/折根/三廉,味苦平,主治寒热鼠漏，瘰疬痈肿，恶疮瘿瘤，结热蛊毒,,山谷,
187,白头公,野丈人/胡王使者,味苦温无毒,主治温疟狂易，寒热，癥瘕积聚，瘿气，逐血止痛，疗金创,,川谷,
188,闾茹,,味酸咸有毒,主蚀恶肉，败疮，死肌，杀疥虫，排脓恶血，除大风热气，善忘不乐,,川谷,
189,羊桃,鬼桃/羊肠,味苦寒,主治熛热身暴赤色，风水积聚，恶疡，除小儿热,,川谷,
190,羊蹄,东方宿/连虫陆/鬼目,味苦寒,主治头秃疥瘙，除热，女子阴蚀,,川泽,
191,鹿藿,,味苦平,主治蛊毒，女子腰腹痛不乐，肠痈瘰疬疡气,,山谷,
192,牛扁,,味苦微寒,主治身皮疮热气，可作浴汤，杀牛虱小虫，又疗牛病,,川谷,
193,陆英,,味苦寒,主治骨间诸痹，四肢拘挛疼酸，膝寒痛，阴痿，短气不足，脚肿,,川谷,
194,藎草,,味苦平,主治久咳上气，喘逆久寒，惊悸，痂疥，白秃，疡气，杀皮肤小虫,,川谷,
195,夏枯草,夕句/乃东,味苦辛寒,主治寒热瘰疬，鼠瘘头疮，破癥，散瘿结气，脚肿湿痹。轻身,,川谷,
196,乌韭,,味甘寒,主治皮肤往来寒热，利小肠，膀胱气,,山谷,
197,蚤休,螫休,味苦微寒,主治惊痫摇头弄舌，热气在腹中，癫疾，痈疮阴蚀，下三虫，去蛇毒,,川谷,
198,石长生,丹草,味咸微寒,主治寒热恶疮大热，辟鬼气不祥,,山谷,
199,狼毒,续毒,味辛平,主治咳逆上气，破积聚饮食，寒热水气，恶疮鼠瘘疽蚀，鬼精蛊毒，杀飞鸟走兽,,山谷,
200,鬼臼,爵犀/马目毒公/九臼,味辛温,主杀蛊毒鬼注精物，辟恶气不祥，逐邪解百毒,,山谷,
201,扁蓄,,味苦平,主治浸淫疥瘙疽痔，杀三虫,,山谷,
202,商陆,芴根/夜呼,味辛平,主治水胀，疝瘕痹，熨除痈肿。杀鬼精物,,川谷,
203,女青,雀瓢,味辛平,主治蛊毒，逐邪恶气，杀鬼温疟，辟不祥,,山谷,
204,白附子,,,主治心痛血痹，面上百病，行药势,,蜀郡,
205,姑活,冬葵子,味甘温,主治大风邪气，湿痹寒痛。九服轻身益寿耐老,,川泽,
206,别羁,,味苦微温,主治风寒湿痹，身重，四肢疼酸寒邪历节痛,,川谷,
207,石下长卿,徐长卿,味咸平,主治鬼注精物，邪恶气，杀百精蛊毒，老魅注易，亡走啼哭，悲伤恍惚,,池泽,
208,翘根,,味苦寒,主治下热气，益阴精，令人面悦好，明目。久服轻身耐老,,平泽,
209,屈草,,味苦,主治胸胁下痛，邪气，肠间寒热，阴痹。久服轻身益气耐老,,川泽,
210,茯苓,伏兔,味甘平,主治胸胁逆气，忧恚惊恐，心下结痛，寒热烦满咳逆，口焦舌干，利小便。久服安魂养神，不饥延年,,山谷,
211,松脂,松膏/松肪,味苦温,主治痈疽恶疮，头疡白秃，疥瘙风气，安五脏，除热。久服轻身延年,,山谷,
212,柏实,,味甘平,主治惊悸，安五脏，益气，除风湿痹。久服令人润泽美色，耳目聪明，不饥不老，轻身延年,,山谷,
213,箘桂,,味辛温,主治百病，养精神，和颜色，为诸药先娉通使。久服輕身不老，面生光华，媚好常如童子,,交止山谷,
214,牡桂,,味辛温,主治上气咳逆，结气，喉痹吐吸，利关节，补中益气。久服通神，轻身不老,,山谷,
215,杜仲,思仙,味辛平,主治腰膝痛，补中，益精气，坚筋骨，强志，除阴下痒湿，小便余沥。久服轻身耐老,,山谷,
216,蔓荆实,,味苦微寒,主治筋骨间寒热，湿痹拘挛，明目坚齿，利九窍，去白虫。久服轻身耐老。小荆实亦等,,,
217,女贞实,,味苦平,主补中安五脏，养精神，除百疾。久服肥健，轻身，不老,,川谷,
218,桑上寄生,寄屑/寓木/宛童,味苦平,主治腰痛，小儿背强，痈肿，安胎，充肌肤，坚齿发，长须眉。其实，明目，轻身，通神,,山谷,
219,苏核,,味甘平无毒,主治心腹邪结气，明目，目赤痛伤泪出。久服轻身，益气，不饥,,川谷,
220,蘖木,,味苦寒,主治五脏肠胃中结气热，黄疸，肠痔，止泄利，女子漏下赤白，阴阳蚀疮。根，檀桓,,山谷,
221,辛夷,辛引/侯桃/房木,味辛溫,主治五臟身体寒热，风头脑痛，面鼾。久服下气，轻身明目，增年能老,,川谷,
222,榆皮,零榆,味甘平,主治大小便不通，利水道，除邪气。久服轻身不饥。其实尤良,,山谷,
223,酸枣,,味酸平,主治心腹寒热邪结气，四肢酸疼，湿痹。久服安五脏，轻身延年,,川泽,
224,槐子,,味苦寒,主治五内邪气热，止涎唾，补绝伤，五痔火疮，妇人乳瘕，子藏急痛,,平泽,
225,枸杞,杞根/地骨/枸忌/地辅,味苦寒,主治五内邪气，热中消渴，周痹。久服坚筋骨，轻身耐老,,平泽,
226,橘柚,橘皮,味辛温,主治胸中瘕热逆气，利水谷。久服去口臭，下气通神,,南山川谷,
227,干漆,,味辛温无毒,主治绝伤，补中，续筋骨，填髓脑，安五脏，五缓六急，风寒湿痹。生漆，去长虫。久服轻身耐老,,川谷,
228,木兰,林兰,味苦寒,主治身大热在皮肤中，去面热赤疱酒皶，恶风癩疾，阴下痒湿，明目,,山谷,
229,龙眼,,味甘平,主治五脏邪气，安志，厌食。久服强魂，聪明，轻身不老，通神明,,山谷,
230,厚朴,,味苦温无毒,主治中风，伤寒，头痛，寒热惊气，血痹死肌，去三虫,,山谷,
231,竹叶,,味苦平,主治咳逆上气，溢筋急恶疡，杀小虫。根，作汤，益气止渴，补虚下气。汁，主风痉痹。实，通神明，轻身益气,,,
232,枳实,,味苦寒,主治大风在皮肤中如麻豆苦痒，除寒热热结，止利。长肌肉，利五脏，益气轻身,,川泽,
233,山茱萸,蜀枣,味酸无毒,主治心下邪气寒热，温中，逐寒湿痹，去三虫。久服轻身,,山谷,
234,吴茱萸,藙,味辛温,主温中下气止痛，咳逆寒热，除湿血痹，逐风邪，开腠理。根，杀三虫,,川谷,
235,秦皮,,味酸无毒,主治风寒湿痹，洗洗寒气，除热，目中青翳白膜。久服头不白，轻身,,川谷,
236,支子,木丹,味苦寒,主治五内邪气，胃中热气，面赤酒疱皶鼻，白癞赤癞疮疡,,川谷,
237,合欢,,味甘平,主安五脏，和心志，令人欢乐无忧。久服轻身明目，得所欲,,益州山谷,
238,秦椒,,味辛温,主治风邪气，温中，除寒痹，坚齿长发，明目。久服轻身好颜色，耐老增年通神,,川谷,
239,紫葳,,味酸微寒,主治妇人乳余疾，崩中癥瘕血闭，寒热羸瘦，养胎,,川谷,
240,芜荑,无姑/殿塘,味辛,主治五内邪气，散皮肤骨节中淫淫行毒。去三虫，化食,,川谷,
241,桑根白皮,,味甘寒,主治伤中五劳六极羸瘦，崩中脉绝，补虚益气。叶，除寒热，出汗。桑耳，黑者，主女子漏下，赤白汁，血病，癥瘕积聚腹痛，阴阳寒热，无子。五木耳，名薷（木旁），益气不饥，轻身强志,,,
242,松萝,女萝,味苦平,主治瞋怒邪气，止虚汗出，风头，女子阴寒肿痛,,山谷,
243,五加,豺漆,味辛温,主治心腹疝气，腹痛，益气，疗躄。小儿立能行，疽疮阴蚀,,,
244,猪苓,赮猪矢,味甘平,主治痎疟，解毒，蛊毒，蛊注，不祥，利水道。久服轻身耐老,,山谷,
245,白棘,棘鍼,味辛寒,主治心腹痛，痈肿溃脓止痛,,川谷,
246,卫矛,鬼箭,味苦寒无毒,主治女子崩中下血，腹满汗出，除邪，杀鬼毒蛊注,,,
247,黄环,陵泉/大就,味苦有毒,主治蛊毒鬼注鬼魅，邪气在藏中，除咳逆寒热,,山谷,
248,石南草,鬼目,味辛平,主养肾气，内伤阴衰，利筋骨皮毛。实，杀蛊毒，破积聚，逐风痹,,山谷,
249,巴豆,巴椒,味辛温有毒,主治伤寒温疟寒热，破癥瘕结聚坚积，留饮痰癖，大腹水脹，蕩滌五臟六腑，开通闭塞，利水谷道，去恶肉，除鬼毒蛊注邪物，杀虫鱼,,川谷,
250,蜀椒,,味辛温,主治邪气咳逆，温中，逐骨节皮肤死肌，寒湿痹痛，下气。久服之头不白，轻身增年,,川谷,
251,莽草,,味辛温,主治风头，痈肿乳痈，疝瘕，除结气，疥瘙疽疮。杀虫鱼,,山谷,
252,郁核,爵李,味酸平,主治大腹水肿，面目四肢浮肿，利小便水道。根，主治齿断肿，龋齿，坚齿。鼠李，主治寒热瘰疬疮,,川谷,
253,栾华,,味苦寒,主治目痛泪出伤眦，消目肿,,川谷,
254,蔓椒,豕椒,味苦温,主治风寒湿痹，历节痛，除四肢厥气，膝痛,,川谷,
255,雷丸,,味苦寒,主杀三虫，逐毒气，胃中热，利丈夫，不利女子。作摩膏，除小儿百病,,山谷,
256,溲疏,,味辛寒,主治身皮肤中热，除邪气，止遗溺，可作浴汤,,川谷,
257,药食根,连木/贝母根）,味辛温,主治邪气，诸痹疼酸，续绝伤，补骨髓,,山谷,
258,皂荚,,味辛咸温,主治风痹死肌，邪气，风头泪出。利九窍，杀精物,,川谷,
259,柳华,柳絮,味苦寒,主治风水，黄疸，面热黑。叶，主治马疥痂疮。实，主治溃痈，逐脓血,,瑯邪川泽,
260,桐叶,,味苦寒,主治恶蚀疮著阴。皮，主五痔，杀三虫。华，傅猪疮，饲猪肥大三倍,,山谷,
261,梓白皮,,味苦寒,主治热，去三虫。华叶，捣傅猪疮，饲猪肥大三倍,,山谷,
262,淮木,百岁城中木,味苦平无毒,主治久咳上气，伤中虚羸，女子阴蚀，漏下赤白卧,,平泽,
263,发髲,,味苦温,主治五癃关格不通，利小便水道，疗小儿痫，大人痓，仍自还神化,,,
264,龙骨,,味甘平,主治心腹鬼注，精物老魅，咳逆，泄利脓血，女子漏下，癥瘕坚结，小儿热气惊痫。齿，主治小儿大人惊痫癫疾狂走，心下结气，不能喘息，诸痉。杀精物。久服轻身通神明延年,,山谷,
265,牛黄,,味苦平,主治惊痫寒热，热甚狂痓，除邪逐鬼。牛角鰓*，下闭血，瘀血疼痛，女子带下血。髓，补中填骨髓，久服增年。胆，可丸药,,平泽,
266,麝香,,味辛温,主辟恶气，杀鬼精物，温疟，蛊毒痫痓，去三虫。久服除邪不梦寤魇寐,,川谷,
267,熊脂,,味甘微寒,主治风痹不仁筋急，五藏腹中积聚，寒热羸瘦，头疡百秃，面鼾*疱。久服强志不饥轻身,,山谷,
268,白胶,鹿角胶,味甘平,主治伤中劳绝，腰痛羸瘦，补中益气，妇人血闭无子，止痛安胎。久服轻身延年,,,
269,阿胶,传致胶,味甘平,主治心腹内崩，劳极洒洒如疟状，腰腹痛，四肢酸疼，女子下血，安胎。久服轻身益气,,,
270,丹雄鸡,,味甘微温,主治女子崩中漏下，赤白沃，补虚，温中，止血通神，杀毒，辟不祥。头，主杀鬼。肪，主治耳聋。肠，主治遗溺。肶胵裹黄皮，主治泄利。屎白，主治消渴，伤寒寒热。翮羽，主下血闭。鸡子，除热火疮，痫痓，可作虎魄神物。鸡白蠹，肥猪,,平泽,
271,雁肪,鹜肪,味甘平无毒,主治风挛拘急，偏枯，气不通利。久服益气不饥，轻身耐老,,池泽,
272,石蜜,,味甘平,主治心腹邪气，诸惊痫痓，安五藏诸不足，益气补中，止痛解毒，除众病，和百药。久服强志轻身，不饥不老,,山谷,
273,蜜蜡,,味甘微温,主治下利脓血，补中，续绝伤，金创，益气，不饥耐老,,山谷,
274,蜂子,蜚零,味甘平,主治风头，除蛊毒，补虚羸，伤中。久服令人光泽，好颜色，不老。大黄蜂子，主治心腹胀满痛，轻身益气。土蜂子，主治痈肿,,山谷,
275,牡蛎,蛎蛤,味咸平,主治伤寒寒热，温疟洒洒，惊恚怒气，除拘缓，鼠瘘，女子带下赤白。久服强骨节，杀邪鬼，延年,,池泽,
276,鲤鱼胆,,味苦寒,主治目热赤痛，青盲，明目。久服强悍益志气,,池泽,
277,鳢鱼,酮鱼,味甘寒,主治湿痹面目浮肿，下大水,,池泽,
278,犀角,,味苦寒,主治百毒蛊注，邪鬼瘴气，杀钩吻鸠羽蛇毒，除邪，不迷惑魇寐。久服轻身,,川谷,
279,羚羊角,,味咸寒,主明目益气起阴，去恶血注下，辟蛊毒恶鬼不祥，安心气，常不魇寐。久服强筋骨轻身,,川谷,
280,羖羊角,,味咸温,主治青盲，明目，杀疥虫，止寒泄，辟恶鬼虎狼，止惊悸。久服安心益气轻身,,川谷,
281,白马茎,,味咸平,主治伤中脉绝，阴不起。强志益气，长肌肉，肥健生子。眼，主治惊痫腹满疟疾。悬蹄，主治惊邪瘈疭，乳难，辟恶气鬼毒蛊注不祥,,平泽,
282,狗阴茎,狗精,味咸平,主治伤中，阴痿不起，令强热大生子，除女子带下十二疾。胆，明目,,平泽,
283,鹿茸,,味甘温,主治漏下恶血，寒热惊痫，益气强志，生齿不老。角，主治恶疮痈肿，逐邪恶气，留血在阴中,,,
284,伏翼,蝙蝠,味咸平,主治目暝，明目，夜视有精光。久服令人喜乐媚好无忧,,太山川谷,
285,猬皮,,味苦平,主治五痔阴蚀，下血赤白，五色血汁不止，阴肿痛引腰背。酒煮杀之,,川谷,
286,石龙子,蜥蜴,味咸寒,主治五癃，邪结气，破石淋，下血，利小便水道,,川谷,
287,桑螵蛸,蚀肬,味咸平,主治伤中，疝瘕阴痿，益精生子，女子血闭腰痛，通五淋，利小便水道,,桑枝,
288,蚱蝉,,味咸寒,主治小儿惊痫，夜啼，癫病，寒热,,杨柳,
289,白僵蚕,,味咸,主治小儿惊痫夜啼，去三虫，灭黑鼾，令人面色好，男子阴疡病,,平泽,
290,木虻,魂常,味苦平,主治目赤痛，眥伤泪出，瘀血血闭，寒热酸斯，无子,,川泽,
291,蜚虻,,味苦微寒,主逐瘀血，破下血积坚癖癥瘕寒热，通利血脉及九窍,,川谷,
292,蜚廉,,味咸,主治血瘀，癥坚寒热，破积聚，喉咽痹，内寒无子,,川泽,
293,蛴螬,愤螃蛴,味咸微温,主治恶血血瘀，痹气，破折血在胁下坚满痛，月闭，目中淫肤，青翳白膜,,平泽,
294,蛞蝓,陵蠡,味咸寒,主治贼风喎僻，轶筋及脱肛，惊痫挛缩,,池泽,
295,海蛤,魁蛤,味苦平,主治咳逆上气，喘息烦满，胸痛寒热,,池泽,
296,文蛤,,,主治恶疮，蚀五痔,,,
297,龟甲,神屋,味咸平,主治漏下赤白，破癥瘕，痎疟，五痔阴蚀，湿痹，四肢重弱，小儿囟不合。久服轻身不饥,,池泽,
298,鳖甲,,味咸平,主治心腹癥瘕，坚积寒热，去痞，息肉，阴蚀，痔，恶肉,,池泽,
299,鮀鱼甲,,味辛微温,主治心腹癥瘕，伏坚积聚，寒热，女子崩中下血五色，小腹阴中相引痛，疥疮死肌,,池泽,
300,乌贼鱼骨,,味咸微温,主治女子漏下赤白经汁，血闭，阴蚀肿痛，寒热，癥瘕，无子,,池泽,
301,蟹,,味咸寒,主治胸中邪气，热结痛，喎僻面肿。败漆。烧之致鼠,,池泽,
302,虾蟇,,味辛寒,主治邪气，破癥坚血，痈肿阴疮。服之不患热病,,池泽,
303,六畜毛蹄甲,,味咸平,主治鬼注蛊毒，寒热，惊痫，癫痓狂走。骆驼毛尤良,,,
304,鼯鼠,,,主堕胎，令易产,,,
305,麋脂,宫脂,味辛温,主治痈肿恶疮死饥，寒风湿痹，四肢拘缓不收，风头肿气，通凑理,,山谷,
306,豚卵,豚颠,味甘溫,主治惊癇癲疾，鬼注蛊毒，除寒热，賁豚，五癃，邪气，挛缩。悬蹄，主治五痔，伏热在肠，肠痈内蚀,,,
307,鷰屎,,味心平,主治蛊毒，鬼注，逐不祥邪气，破五癃，利小便,,高山平谷,
308,天鼠屎,鼠沽/石肝,味辛寒,主治面目痈肿，皮肤洗洗时痛，腹中血气，破寒热积聚，除惊悸,,合浦山谷,
309,露蜂房,蜂场,味苦平,主治惊痫瘈疭，寒热邪气，癫疾，鬼精蛊毒，肠痔。火熬之良,,山谷,
310,樗鸡,,味苦平,主治心腹邪气，阴痿，益精强志，生子，好色。补中轻身,,川谷,
311,蟅虫,地鳖,味咸寒,主治心腹寒热洗洗，血积癥瘕，破堅，下血闭，生子大良,,川泽,
312,水蛭,,味咸平,主逐恶血瘀血月闭，破血瘕积聚，无子，利水道,,池泽,
313,石蚕,沙虱,味酸无毒,主治五癃，破五淋，堕胎。肉，解结气，利水道，除热,,池泽,
314,蛇蜕,龙子衣/蛇符/龙子单衣/弓皮,味咸平,主治小儿百二十种惊痫，瘈疭，癫疾，寒热，肠痔，虫毒，蛇痫。火熬之良,,山谷,
315,吴公,,味辛温,主鬼注蛊毒，噉诸蛇虫鱼毒，杀鬼物老精，温疟，去三虫,,川谷,
316,马陆,百足,味辛温,主治腹中大坚蒸，破积聚，息肉恶疮，白秃,,川谷,
317,翳螉,,味辛平,主治久聋，欬逆，毒气，出刺，出汗,,川谷,
318,雀瓮,躁舍,味甘平,主治小儿惊痫，寒热结气，蛊毒，鬼注,,,
319,彼子,,味甘温,主治腹中邪气，去三虫，蛇螫，蛊毒，鬼注，伏尸,,,
320,鼠妇,蟠贞/伊咸,味酸温,主治气癃不得小便，妇人月闭血瘕，痫痓寒热，利水道,,平谷,
321,萤火,夜光,味辛微温,主明目，小儿火疮伤，热气，蛊毒鬼注，通神精,,池泽,
322,衣鱼,白鱼,味咸温无毒,主治妇人疝瘕，小便不利，小儿中风项强，皆宜摩之,,平泽,
323,白颈蚯蚓,,味咸寒,主治蛇瘕，去三虫，伏尸，鬼注蛊毒，杀长虫。仍自化作水,,平土,
324,蝼蛄,蟪蛄/天蝼/螜,味咸寒,主治产难，出肉中刺，溃痈肿，下哽噎，解毒，除恶疮。夜出者良,,平泽,
325,蜣蜋,吉螃蜣,味咸寒,主治小儿惊痫瘈疭，腹胀寒热，大人癫疾狂易。火熬之良,,池泽,
326,螌蝥,龙尾,味辛寒,主治寒热鬼注蛊毒，鼠瘘，恶疮，疽蚀，死肌，破石癃,,川谷,
327,地胆,元青,味辛寒,主治鬼注寒热，鼠瘘恶疮，死积，破癥瘕，堕胎,,川谷,
328,马刀,,味辛微寒有毒,主治漏下赤白，寒热，破石淋，杀禽兽贼鼠,,池泽,
329,贝子,,味咸平,主治目翳，鬼注，蛊毒，腹痛，下血，五癃，利水道。烧用之良,,池泽,
330,蒲陶,,味甘平,主治筋骨湿痹，益气倍力强志，令人肥健，耐饥忍风寒。久食轻身不老延年。可作酒,,山谷,
331,蓬蔂,覆盆,味酸平,主安五藏，益精气，长阴令坚，强志倍力，有子。久服轻身不老,,平泽,
332,大枣,,味甘平,主治心腹邪气，安中养脾，助十二经，平胃气，通九窍，补少气少津液，身中不足，大惊，四肢重。和百药。久服轻身长年。叶覆麻黄，能令出汗,,平泽,
333,藕实茎,水芝,味甘平,主补中养神，益气力，除百疾。久服轻身耐老，不饥延年,,池泽,
334,鸡头,雁喙,味甘平,主治湿痹，腰脊膝痛，补中，除百疾，益精气，强志，耳目聪明。久服轻身不饥，耐老神仙,,池泽,
335,甘瓜子,,味甘平,主令人悦泽，好颜色，益气不饥。久服轻身耐老,,,
336,瓜蒂,土芝,味苦寒,主治大水，身面四肢浮肿，下水，杀蛊毒，欬逆上气；食诸果不消，病在胸腹中，皆吐下之,,平泽,
337,冬葵子,,味甘寒,主治五藏六腑寒热羸瘦，破五淋，利小便。久服坚骨长肌肉，轻身延年,,,
338,苋实,马苋,味甘寒,主治青盲明目，除邪，利大小便，去寒热。久服益气力，不饥轻身,,川泽,
339,苦菜,荼草/选,味苦寒,主治五藏邪气，厌榖胃痹。久服安心益气，聪察少卧，轻身耐老,,川谷,
340,梅实,,味酸平,主下气，除热烦满，安心，肢体痛，偏枯不仁，死肌。去青黑志，恶疾,,川谷,
341,蓼实,,味辛温,主明目温中，耐风寒，下水气，面目浮肿，痈疡。马蓼，去肠中蛭虫。轻身,,川泽,
342,葱实,,味辛温,主明目，补中不足。其茎，可作汤，主治伤寒寒热，出汗，中风面目肿,,,
343,薤,,味辛,主治金创创败。轻身不饥耐老,,平泽,
344,水苏,,味辛微温,主下气杀榖，辟口臭，去毒，辟恶气。久服通神明，轻身耐老,,池泽,
345,杏核,,味甘温,主治欬逆上气，雷鸣，喉痹，下气，产乳，金创，寒心，贲豚,,川谷,
346,桃核,,味苦平,主治瘀血，血闭，瘕，邪气，杀小虫,,,
347,桃华,,,杀注恶鬼。令人好颜色,,,
348,桃枭,,微温,杀百鬼精物,,,
349,桃毛,,,主下血瘕，寒热积聚，无子,,,
350,桃蠹,,,杀鬼邪恶不祥,,山谷,
351,苦瓠,,味苦寒,主治大水面目四肢浮肿，下水。令人吐,,山泽,
352,水靳,水英,味甘平,主治女子赤沃，止血，养精，保血脉，益气，令人肥健嗜食,,池泽,
353,胡麻,巨胜,味甘平无毒,主治伤中虚羸，补五内，益气力，长肌肉，填脑髓。久服轻身不老。叶名青蘘，,,川谷,
354,麻蕡,,味辛平,主治七伤，利五藏，下血寒气，多食令人见鬼狂走。久服通神明轻身,,,
355,麻子,麻勃,味甘平,主补中益气。久服肥健不老,,川谷,
356,赤小豆,,,主下水，排痈肿脓血,,平泽,
357,粟米,,味苦无毒,主养肾气，去胃脾中热，益气。陈者味苦，主治胃热，消渴，利小便,,,
358,黍米,,味甘无毒,主益气补中，多热令人烦,,,
359,腐婢,,味辛平,主治痎疟寒热，邪气，泄利，阴不起，病酒头痛,,,
