id,段落id,所属经文,句子
01-source-01-1,01-source-01,南山经,南山之首曰䧿山
01-source-01-2,01-source-01,南山经,其首曰招摇之山，临于西海之上，多桂，多金玉
01-source-01-3,01-source-01,南山经,有草焉，其状如韭而青华，其名曰祝馀，食之不饥
01-source-01-4,01-source-01,南山经,有木焉，其状如榖而黑理，其华四照，其名曰迷榖，佩之不迷
01-source-01-5,01-source-01,南山经,有兽焉，其状如禺而白耳，伏行人走，其名曰狌狌，食之善走
01-source-01-6,01-source-01,南山经,丽𪊨之水出焉，而西流注于海，其中多育沛，佩之无瘕疾
01-source-02-1,01-source-02,南山经,又东三百里，曰堂庭之山，多棪木，多白猿，多水玉，多黄金
01-source-02-2,01-source-02,南山经,又东三百八十里，曰即翼之山，其中多怪兽，水多怪鱼，多白玉，多蝮虫，多怪蛇，多怪木，不可以上
01-source-02-3,01-source-02,南山经,又东三百七十里，曰杻阳之山，其阳多赤金，其阴多白金
01-source-02-4,01-source-02,南山经,有兽焉，其状如马而白首，其文如虎而赤尾，其音如谣，其名曰鹿蜀，佩之宜子孙
01-source-02-5,01-source-02,南山经,怪水出焉，而东流注于宪翼之水
01-source-02-6,01-source-02,南山经,其中多玄龟，其状如龟而鸟首虺尾，其名曰旋龟，其音如判木，佩之不聋，可以为底
01-source-03-1,01-source-03,南山经,又东三百里，曰柢山，多水，无草木
01-source-03-2,01-source-03,南山经,有鱼焉，其状如牛，陵居，蛇尾有翼，其羽在魼下，其音如留牛，其名曰鯥，冬死而夏生，食之无肿疾
01-source-03-3,01-source-03,南山经,又东四百里，曰亶爰之山，多水，无草木，不可以上
01-source-03-4,01-source-03,南山经,有兽焉，其状如狸而有髦，其名曰类，自为牝牡，食者不妒
01-source-03-5,01-source-03,南山经,又东三百里，曰基山，其阳多玉，其阴多怪木
01-source-03-6,01-source-03,南山经,有兽焉，其状如羊，九尾四耳，其目在背，其名曰猼訑，佩之不畏
01-source-03-7,01-source-03,南山经,有鸟焉，其状如鸡而三首六目、六足三翼，其名曰𪁺𩿧，食之无卧
01-source-04-1,01-source-04,南山经,又东三百里，曰青丘之山，其阳多玉，其阴多青雘
01-source-04-2,01-source-04,南山经,有兽焉，其状如狐而九尾，其音如婴儿，能食人；食者不蛊
01-source-04-3,01-source-04,南山经,有鸟焉，其状如鸠，其音若呵，名曰灌灌，佩之不惑
01-source-04-4,01-source-04,南山经,英水出焉，南流注于即翼之泽
01-source-04-5,01-source-04,南山经,其中多赤鱬，其状如鱼而人面，其音如鸳鸯，食之不疥
01-source-04-6,01-source-04,南山经,又东三百五十里，曰箕尾之山，其尾踆于东海，多沙石
01-source-04-7,01-source-04,南山经,汸水出焉，而南流注于淯，其中多白玉
01-source-05-1,01-source-05,南山经,凡䧿山之首，自招摇之山，以至箕尾之山，凡十山，二千九百五十里
01-source-05-2,01-source-05,南山经,其神状皆鸟身而龙首
01-source-05-3,01-source-05,南山经,其祠之礼：毛用一璋玉瘗，糈用稌米，一璧，稻米、白菅为席
01-source-05-4,01-source-05,南山经,南次二山之首，曰柜山，西临流黄，北望诸𣬉，东望长右
01-source-05-5,01-source-05,南山经,英水出焉，西南流注于赤水，其中多白玉，多丹粟
01-source-05-6,01-source-05,南山经,有兽焉，其状如豚，有距，其音如狗吠，其名曰狸力，见则其县多土功
01-source-05-7,01-source-05,南山经,有鸟焉，其状如鸱而人手，其音如痺，其名曰鴸，其名自号也，见则其县多放士
01-source-05-8,01-source-05,南山经,东南四百五十里，曰长右之山，无草木，多水
01-source-05-9,01-source-05,南山经,有兽焉，其状如禺而四耳，其名长右，其音如吟，见则其郡县大水
01-source-05-10,01-source-05,南山经,又东三百四十里，曰尧光之山，其阳多玉，其阴多金
01-source-05-11,01-source-05,南山经,有兽焉，其状如人而彘鬣，穴居而冬蛰，其名曰猾褢，其音如斫木，见则县有大繇
01-source-06-1,01-source-06,南山经,又东三百五十里，曰羽山，其下多水，其上多雨，无草木，多蝮虫
01-source-06-2,01-source-06,南山经,又东三百七十里，曰瞿父之山，无草木，多金玉
01-source-06-3,01-source-06,南山经,又东四百里，曰句馀之山，无草木，多金玉
01-source-06-4,01-source-06,南山经,又东五百里，曰浮玉之山，北望具区，东望诸𣬉
01-source-06-5,01-source-06,南山经,有兽焉，其状如虎而牛尾，其音如吠犬，其名曰彘，是食人
01-source-06-6,01-source-06,南山经,苕水出于其阴，北流注于具区
01-source-06-7,01-source-06,南山经,其中多鮆鱼
01-source-06-8,01-source-06,南山经,又东五百里，曰成山，四方而三坛，其上多金玉，其下多青雘
01-source-06-9,01-source-06,南山经,𨴯水出焉，而南流注于虖勺，其中多黄金
01-source-06-10,01-source-06,南山经,又东五百里，曰会稽之山，四方，其上多金玉，其下多砆石
01-source-06-11,01-source-06,南山经,勺水出焉，而南流注于湨
01-source-06-12,01-source-06,南山经,又东五百里，曰夷山，无草木，多沙石，湨水出焉，而南流注于列涂
01-source-06-13,01-source-06,南山经,又东五百里，曰仆勾之山，其上多金玉，其下多草木，无鸟兽，无水
01-source-06-14,01-source-06,南山经,又东五百里，曰咸阴之山，无草木，无水
01-source-07-1,01-source-07,南山经,又东四百里，曰洵山，其阳多金，其阴多玉
01-source-07-2,01-source-07,南山经,有兽焉，其状如羊而无口，不可杀也，其名曰䍺
01-source-07-3,01-source-07,南山经,洵水出焉，而南流注于阏之泽，其中多茈蠃
01-source-07-4,01-source-07,南山经,又东四百里，曰虖勺之山，其上多梓楠，其下多荆杞
01-source-07-5,01-source-07,南山经,滂水出焉，而东流注于海
01-source-07-6,01-source-07,南山经,又东五百里，曰区吴之山，无草木，多沙石
01-source-07-7,01-source-07,南山经,鹿水出焉，而南流注于滂水
01-source-07-8,01-source-07,南山经,又东五百里，曰鹿吴之山，上无草木，多金石
01-source-07-9,01-source-07,南山经,泽更之水出焉，而南流注于滂水
01-source-07-10,01-source-07,南山经,水有兽焉，名曰蛊雕，其状如雕而有角，其音如婴儿之音，是食人
01-source-07-11,01-source-07,南山经,东五百里，曰漆吴之山，无草木，多博石，无玉
01-source-07-12,01-source-07,南山经,处于海，东望丘山，其光载出载入，是惟日次
01-source-07-13,01-source-07,南山经,凡南次二山之首，自柜山至于漆吴之山，凡十七山，七千二百里
01-source-07-14,01-source-07,南山经,其神状皆龙身而鸟首
01-source-07-15,01-source-07,南山经,其祠：毛用一璧瘗，糈用稌
01-source-07-16,01-source-07,南山经,南次三山之首，曰天虞之山，其下多水，不可以上
01-source-07-17,01-source-07,南山经,东五百里，曰祷过之山，其上多金玉，其下多犀兕，多象
01-source-07-18,01-source-07,南山经,有鸟焉，其状如鵁，而白首、三足、人面，其名曰瞿如，其鸣自号也
01-source-07-19,01-source-07,南山经,泿水出焉，而南流注于海
01-source-07-20,01-source-07,南山经,其中有虎蛟，其状鱼身而蛇尾，其音如鸳鸯，食者不肿，可以已痔
01-source-08-1,01-source-08,南山经,又东五百里，曰丹穴之山，其上多金玉
01-source-08-2,01-source-08,南山经,丹水出焉，而南流注于渤海
01-source-08-3,01-source-08,南山经,有鸟焉，其状如鸡，五采而文，名曰凤皇，首文曰德，翼文曰顺，背文曰义，膺文曰仁，腹文曰信
01-source-08-4,01-source-08,南山经,是鸟也，饮食自然，自歌自舞，见则天下安宁
01-source-08-5,01-source-08,南山经,又东五百里，曰发爽之山，无草木，多水，多白猿
01-source-08-6,01-source-08,南山经,汎水出焉，而南流注于渤海
01-source-08-7,01-source-08,南山经,又东四百里，至于旄山之尾，其南有谷，曰育遗，多怪鸟，凯风自是出
01-source-08-8,01-source-08,南山经,又东四百里，至于非山之首，其上多金玉，无水，其下多蝮虫
01-source-08-9,01-source-08,南山经,又东五百里，曰阳夹之山，无草木，多水
01-source-08-10,01-source-08,南山经,又东五百里，曰灌湘之山，上多木，无草
01-source-08-11,01-source-08,南山经,多怪鸟，无兽
01-source-08-12,01-source-08,南山经,又东五百里，曰鸡山，其上多金，其下多丹雘
01-source-08-13,01-source-08,南山经,黑水出焉，而南流注于海
01-source-08-14,01-source-08,南山经,其中有鱄鱼，其状如鲋而彘毛，其音如豚，见则天下大旱
01-source-09-1,01-source-09,南山经,又东四百里，曰令丘之山，无草木，多火
01-source-09-2,01-source-09,南山经,其南有谷焉，曰中谷，条风自是出
01-source-09-3,01-source-09,南山经,有鸟焉，其状如枭，人面四目而有耳，其名曰颙，其鸣自号也，见则天下大旱
01-source-09-4,01-source-09,南山经,又东三百七十里，曰仑者之山，其上多金玉，其下多青雘
01-source-09-5,01-source-09,南山经,有木焉，其状如榖而赤理，其汁如漆，其味如饴，食者不饥，可以释劳，其名曰白䓘，可以血玉
01-source-09-6,01-source-09,南山经,又东五百八十里，曰禺稾之山，多怪兽，多大蛇
01-source-09-7,01-source-09,南山经,又东五百八十里，曰南禺之山，其上多金玉，其下多水
01-source-09-8,01-source-09,南山经,有穴焉，水出辄入，夏乃出，冬则闭
01-source-09-9,01-source-09,南山经,佐水出焉，而东南流注于海，有凤皇、鹓雏
01-source-09-10,01-source-09,南山经,凡南次三山之首，自天虞之山以至南禺之山，凡一十四山，六千五百三十里
01-source-09-11,01-source-09,南山经,其神皆龙身而人面
01-source-09-12,01-source-09,南山经,其祠皆一白狗祈，糈用稌
01-source-09-13,01-source-09,南山经,右南经之山，大小凡四十山，万六千三百八十里
02-source-01-1,02-source-01,西山经,西山华山之首，曰钱来之山，其上多松，其下多洗石
02-source-01-2,02-source-01,西山经,有兽焉，其状如羊而马尾，名曰羬羊，其脂可以已腊
02-source-01-3,02-source-01,西山经,西四十五里，曰松果之山，濩水出焉，北流注于渭，其中多铜
02-source-01-4,02-source-01,西山经,有鸟焉，其名曰䳋渠，其状如山鸡，黑身赤足，可以已𦢊
02-source-01-5,02-source-01,西山经,又西六十里，曰太华之山，削成而四方，其高五千仞，其广十里，鸟兽莫居
02-source-01-6,02-source-01,西山经,有蛇焉，名曰肥遗，六足四翼，见则天下大旱
02-source-01-7,02-source-01,西山经,又西八十里，曰小华之山，其木多荆杞，其兽多㸲牛，其阴多磬石，其阳多㻬琈之玉
02-source-01-8,02-source-01,西山经,鸟多赤鷩，可以御火
02-source-01-9,02-source-01,西山经,其草有萆荔，状如乌韭，而生于石上，亦缘木而生，食之已心痛
02-source-01-10,02-source-01,西山经,又西八十里，曰符禺之山，其阳多铜，其阴多铁
02-source-01-11,02-source-01,西山经,其上有木焉，名曰文茎，其实如枣，可以已聋
02-source-01-12,02-source-01,西山经,其草多条，其状如葵，而赤华黄实，如婴儿舌，食之使人不惑
02-source-01-13,02-source-01,西山经,符禺之水出焉，而北流注于渭
02-source-01-14,02-source-01,西山经,其兽多葱聋，其状如羊而赤鬣
02-source-01-15,02-source-01,西山经,其鸟多鴖，其状如翠而赤喙，可以御火
02-source-01-16,02-source-01,西山经,又西六十里，曰石脆之山，其木多棕楠，其草多条，其状如韭，而白华黑实，食之已疥
02-source-01-17,02-source-01,西山经,其阳多㻬琈之玉，其阴多铜
02-source-01-18,02-source-01,西山经,灌水出焉，而北流注于禺水
02-source-01-19,02-source-01,西山经,其中有流赭，以涂牛马无病
02-source-01-20,02-source-01,西山经,又西七十里，曰英山，其上多杻橿，其阴多铁，其阳多赤金
02-source-01-21,02-source-01,西山经,禺水出焉，北流注于招水，其中多䰷鱼，其状如鳖，其音如羊
02-source-01-22,02-source-01,西山经,其阳多箭䉋，其兽多㸲牛、羬羊
02-source-01-23,02-source-01,西山经,有鸟焉，其状如鹑，黄身而赤喙，其名曰肥遗，食之已疠，可以杀虫
02-source-01-24,02-source-01,西山经,又西五十二里，曰竹山，其上多乔木，其阴多铁
02-source-01-25,02-source-01,西山经,有草焉，其名曰黄雚，其状如樗，其叶如麻，白华而赤实，其状如赭，浴之已疥，又可以已胕
02-source-01-26,02-source-01,西山经,竹水出焉，北流注于渭，其阳多竹箭，多苍玉
02-source-01-27,02-source-01,西山经,丹水出焉，东南流注于洛水，其中多水玉，多人鱼
02-source-01-28,02-source-01,西山经,有兽焉，其状如豚而白毛，毛大如笄而黑端，名曰豪彘
02-source-01-29,02-source-01,西山经,又西百二十里，曰浮山，多盼木，枳叶而无伤，木虫居之
02-source-01-30,02-source-01,西山经,有草焉，名曰薰草，麻叶而方茎，赤华而黑实，臭如蘼芜，佩之可以已疠
02-source-02-1,02-source-02,西山经,又西七十里，曰羭次之山，漆水出焉，北流注于渭
02-source-02-2,02-source-02,西山经,其上多棫橿，其下多竹箭，其阴多赤铜，其阳多婴垣之玉
02-source-02-3,02-source-02,西山经,有兽焉，其状如禺而长臂，善投，其名曰嚣
02-source-02-4,02-source-02,西山经,有鸟焉，其状如枭，人面而一足，曰橐𩇯，冬见夏蛰，服之不畏雷
02-source-02-5,02-source-02,西山经,又西百五十里，曰时山，无草木
02-source-02-6,02-source-02,西山经,逐水出焉，北流注于渭，其中多水玉
02-source-02-7,02-source-02,西山经,又西百七十里，曰南山，上多丹粟
02-source-02-8,02-source-02,西山经,丹水出焉，北流注于渭
02-source-02-9,02-source-02,西山经,兽多猛豹，鸟多尸鸠
02-source-02-10,02-source-02,西山经,又西百八十里，曰大时之山，上多榖柞，下多杻橿，阴多银，阳多白玉
02-source-02-11,02-source-02,西山经,涔水出焉，北流注于渭
02-source-02-12,02-source-02,西山经,清水出焉，南流注于汉水
02-source-02-13,02-source-02,西山经,又西三百二十里，曰嶓冢之山，汉水出焉，而东南流注于沔；嚣水出焉，北流注于汤水
02-source-02-14,02-source-02,西山经,其上多桃枝钩端，兽多犀、兕、熊、罴，鸟多白翰、赤鷩
02-source-02-15,02-source-02,西山经,有草焉，其叶如蕙，其本如桔梗，黑华而不实，名曰蓇蓉，食之使人无子
02-source-02-16,02-source-02,西山经,又西三百五十里，曰天帝之山，上多棕楠，下多菅蕙
02-source-02-17,02-source-02,西山经,有兽焉，其状如狗，名曰谿边，席其皮者不蛊
02-source-02-18,02-source-02,西山经,有鸟焉，其状如鹑，黑文而赤翁，名曰栎，食之已痔
02-source-02-19,02-source-02,西山经,有草焉，其状如葵，其臭如蘼芜，名曰杜衡，可以走马，食之已瘿
02-source-02-20,02-source-02,西山经,西南三百八十里，曰皋涂之山，蔷水出焉，西流注于诸资之水；涂水出焉，南流注于集获之水
02-source-02-21,02-source-02,西山经,其阳多丹粟，其阴多银、黄金，其上多桂木
02-source-02-22,02-source-02,西山经,有白石焉，其名曰礜，可以毒鼠
02-source-02-23,02-source-02,西山经,有草焉，其状如藁茇，其叶如葵而赤背，名曰无条，可以毒鼠
02-source-02-24,02-source-02,西山经,有兽焉，其状如鹿而白尾，马脚人手而四角，名曰玃如
02-source-02-25,02-source-02,西山经,有鸟焉，其状如鸱而人足，名曰数斯，食之已瘿
02-source-02-26,02-source-02,西山经,又西百八十里，曰黄山，无草木，多竹箭
02-source-02-27,02-source-02,西山经,盼水出焉，西流注于赤水，其中多玉
02-source-02-28,02-source-02,西山经,有兽焉，其状如牛，而苍黑大目，其名曰𤛎
02-source-02-29,02-source-02,西山经,有鸟焉，其状如鸮，青羽赤喙，人舌能言，名曰鹦䳇
02-source-03-1,02-source-03,西山经,又西二百里，曰翠山，其上多棕楠，其下多竹箭，其阳多黄金、玉，其阴多旄牛、麢、麝
02-source-03-2,02-source-03,西山经,其鸟多鸓，其状如鹊，赤黑而两首、四足，可以御火
02-source-03-3,02-source-03,西山经,又西二百五十里，曰騩山，是錞于西海，无草木，多玉
02-source-03-4,02-source-03,西山经,淒水出焉，西流注于海，其中多采石、黄金，多丹粟
02-source-03-5,02-source-03,西山经,凡西山之首，自钱来之山至于騩山，凡十九山，二千九百五十七里
02-source-03-6,02-source-03,西山经,华山，冢也，其祠之礼：太牢
02-source-03-7,02-source-03,西山经,羭山，神也，祠之用烛，斋百日以百牺，瘗用百瑜，汤其酒百樽，婴以百珪百璧
02-source-03-8,02-source-03,西山经,其余十七山之属，皆毛牷用一羊祠之
02-source-03-9,02-source-03,西山经,烛者，百草之未灰，白席采等纯之
02-source-03-10,02-source-03,西山经,西次二山之首，曰钤山，其上多铜，其下多玉，其木多杻橿
02-source-03-11,02-source-03,西山经,西二百里，曰泰冒之山，其阳多金，其阴多铁
02-source-03-12,02-source-03,西山经,洛水出焉，东流注于河，其中多藻玉
02-source-03-13,02-source-03,西山经,多白蛇
02-source-03-14,02-source-03,西山经,又西一百七十里，曰数历之山，其上多黄金，其下多银，其木多杻橿，其鸟多鹦䳇
02-source-03-15,02-source-03,西山经,楚水出焉，而南流注于渭，其中多白珠
02-source-03-16,02-source-03,西山经,又西百五十里，曰高山，其上多银，其下多青碧、雄黄，其木多棕，其草多竹
02-source-03-17,02-source-03,西山经,泾水出焉，而东流注于渭，其中多磬石、青碧
02-source-03-18,02-source-03,西山经,西南三百里，曰女床之山，其阳多赤铜，其阴多石涅，其兽多虎、豹、犀、兕
02-source-03-19,02-source-03,西山经,有鸟焉，其状如翟而五采文，名曰鸾鸟，见则天下安宁
02-source-03-20,02-source-03,西山经,又西二百里，曰龙首之山，其阳多黄金，其阴多铁
02-source-03-21,02-source-03,西山经,苕水出焉，东南流注于泾水，其中多美玉
02-source-03-22,02-source-03,西山经,又西二百里，曰鹿台之山，其上多白玉，其下多银，其兽多㸲牛、羬羊、白豪
02-source-03-23,02-source-03,西山经,有鸟焉，其状如雄鸡而人面，名曰凫徯，其鸣自叫也，见则有兵
02-source-04-1,02-source-04,西山经,西南二百里，曰鸟危之山，其阳多磬石，其阴多檀楮，其中多女床
02-source-04-2,02-source-04,西山经,鸟危之水出焉，西流注于赤水，其中多丹粟
02-source-04-3,02-source-04,西山经,又西四百里，曰小次之山，其上多白玉，其下多赤铜
02-source-04-4,02-source-04,西山经,有兽焉，其状如猿，而白首赤足，名曰朱厌，见则大兵
02-source-04-5,02-source-04,西山经,又西三百里，曰大次之山，其阳多垩，其阴多碧，其兽多㸲牛、麢羊
02-source-04-6,02-source-04,西山经,又西四百里，曰薰吴之山，无草木，多金玉
02-source-04-7,02-source-04,西山经,又西四百里，曰厎阳之山，其木多㮨楠豫章，其兽多犀、兕、虎、犳、㸲牛
02-source-04-8,02-source-04,西山经,又西二百五十里，曰众兽之山，其上多㻬琈之玉，其下多檀楮，多黄金，其兽多犀、兕
02-source-04-9,02-source-04,西山经,又西五百里，曰皇人之山，其上多金玉，其下多青、雄黄
02-source-04-10,02-source-04,西山经,皇水出焉，西流注于赤水，其中多丹粟
02-source-04-11,02-source-04,西山经,又西三百里，曰中皇之山，其上多黄金，其下多蕙棠
02-source-04-12,02-source-04,西山经,又西三百五十里，曰西皇之山，其阳多金，其阴多铁，其兽多麋、鹿、㸲牛
02-source-04-13,02-source-04,西山经,又西三百五十里，曰莱山，其木多檀楮，其鸟多罗罗，是食人
02-source-05-1,02-source-05,西山经,凡西次二山之首，自钤山至于莱山，凡十七山，四千一百四十里
02-source-05-2,02-source-05,西山经,其十神者，皆人面而马身
02-source-05-3,02-source-05,西山经,其七神，皆人面牛身，四足而一臂，操杖以行，是为飞兽之神
02-source-05-4,02-source-05,西山经,其祠之，毛用少牢，白菅为席，其十辈神者，其祠之，毛一雄鸡，钤而不糈
02-source-05-5,02-source-05,西山经,西次三山之首，曰崇吾之山，在河之南，北望冢遂，南望䍃之泽，西望帝之搏兽之山，东望䗡渊
02-source-05-6,02-source-05,西山经,有木焉，员叶而白柎，赤华而黑理，其实如枳，食之宜子孙
02-source-05-7,02-source-05,西山经,有兽焉，其状如禺而文臂，豹尾而善投，名曰举父
02-source-05-8,02-source-05,西山经,有鸟焉，其状如凫，而一翼一目，相得乃飞，名曰蛮蛮，见则天下大水
02-source-05-9,02-source-05,西山经,西北三百里，曰长沙之山，泚水出焉，北流注于泑水，无草木，多青、雄黄
02-source-05-10,02-source-05,西山经,又西北三百七十里，曰不周之山，北望诸𣬉之山，临彼岳崇之山，东望泑泽，河水所潜也，其原浑浑泡泡
02-source-05-11,02-source-05,西山经,爰有嘉果，其实如桃，其叶如枣，黄华而赤柎，食之不劳
02-source-06-1,02-source-06,西山经,又西北四百二十里，曰峚山，其上多丹木，员叶而赤茎，黄华而赤实，其味如饴，食之不饥
02-source-06-2,02-source-06,西山经,丹水出焉，西流注于稷泽，其中多白玉
02-source-06-3,02-source-06,西山经,是有玉膏，其原沸沸汤汤，黄帝是食是飨
02-source-06-4,02-source-06,西山经,是生玄玉
02-source-06-5,02-source-06,西山经,玉膏所出，以灌丹木，丹木五岁，五色乃清，五味乃馨
02-source-06-6,02-source-06,西山经,黄帝乃取峚山之玉荣，而投之锺山之阳
02-source-06-7,02-source-06,西山经,瑾瑜之玉为良，坚栗精密，浊泽而有光
02-source-06-8,02-source-06,西山经,五色发作，以和柔刚
02-source-06-9,02-source-06,西山经,天地鬼神，是食是飨；君子服之，以御不祥
02-source-06-10,02-source-06,西山经,自峚山至于锺山，四百六十里，其间尽泽也
02-source-06-11,02-source-06,西山经,是多奇鸟、怪兽、奇鱼，皆异物焉
02-source-06-12,02-source-06,西山经,又西北四百二十里，曰锺山，其子曰鼓，其状人面而龙身，是与钦䲹杀葆江于昆仑之阳，帝乃戮之锺山之东曰𡺯崖
02-source-06-13,02-source-06,西山经,钦䲹化为大鹗，其状如雕，而黑文白首，赤喙而虎爪，其音如晨鹄，见则有大兵
02-source-06-14,02-source-06,西山经,鼓亦化为鵕鸟，其状如鸱，赤足而直喙，黄文而白首，其音如鹄，见则其邑大旱
02-source-06-15,02-source-06,西山经,又西百八十里，曰泰器之山，观水出焉，西流注于流沙
02-source-06-16,02-source-06,西山经,是多文鳐鱼，状如鲤鱼，鱼身而鸟翼，苍文而白首赤喙，常行西海，游于东海，以夜飞
02-source-06-17,02-source-06,西山经,其音如鸾鸡，其味酸甘，食之已狂，见则天下大穰
02-source-06-18,02-source-06,西山经,又西三百二十里，曰槐江之山，丘时之水出焉，而北流注于泑水
02-source-06-19,02-source-06,西山经,其中多蠃母，其上多青、雄黄，多藏琅玕、黄金、玉，其阳多丹粟，其阴多采黄金银
02-source-06-20,02-source-06,西山经,实惟帝之平圃，神英招司之，其状马身而人面，虎文而鸟翼，徇于四海，其音如榴
02-source-06-21,02-source-06,西山经,南望昆仑，其光熊熊，其气魂魂
02-source-06-22,02-source-06,西山经,西望大泽，后稷所潜也
02-source-06-23,02-source-06,西山经,其中多玉，其阴多榣木之有若
02-source-06-24,02-source-06,西山经,北望诸，槐鬼离仑居之，鹰鹯之所宅也
02-source-06-25,02-source-06,西山经,东望恒山四成，有穷鬼居之，各在一抟
02-source-06-26,02-source-06,西山经,爰有瑶水，其清洛洛
02-source-06-27,02-source-06,西山经,有天神焉，其状如牛，而八足二首马尾，其音如勃皇，见则其邑有兵
02-source-07-1,02-source-07,西山经,西南四百里，曰昆仑之丘，实惟帝之下都，神陆吾司之
02-source-07-2,02-source-07,西山经,其神状虎身而九尾，人面而虎爪，是神也，司天之九部及帝之囿时
02-source-07-3,02-source-07,西山经,有兽焉，其状如羊而四角，名曰土蝼，是食人
02-source-07-4,02-source-07,西山经,有鸟焉，其状如蜂，大如鸳鸯，名曰钦原，蠚鸟兽则死，蠚木则枯
02-source-07-5,02-source-07,西山经,有鸟焉，其名曰鹑鸟，是司帝之百服
02-source-07-6,02-source-07,西山经,有木焉，其状如棠，黄华赤实，其味如李而无核，名曰沙棠，可以御水，食之使人不溺
02-source-07-7,02-source-07,西山经,有草焉，名曰薲草，其状如葵，其味如葱，食之已劳
02-source-07-8,02-source-07,西山经,河水出焉，而南流东注于无达
02-source-07-9,02-source-07,西山经,赤水出焉，而东南流注于氾天之水
02-source-07-10,02-source-07,西山经,洋水出焉，而西南流注于丑涂之水
02-source-07-11,02-source-07,西山经,黑水出焉，而西流于大杅
02-source-07-12,02-source-07,西山经,是多怪鸟兽
02-source-07-13,02-source-07,西山经,又西三百七十里，曰乐游之山，桃水出焉，西流注于稷泽，是多白玉
02-source-07-14,02-source-07,西山经,其中多䱻鱼，其状如蛇而四足，是食鱼
02-source-07-15,02-source-07,西山经,西水行四百里，流沙二百里，至于蠃母之山，神长乘司之，是天之九德也
02-source-07-16,02-source-07,西山经,其神状如人而犳尾
02-source-07-17,02-source-07,西山经,其上多玉，其下多青石而无水
02-source-07-18,02-source-07,西山经,又西三百五十里，曰玉山，是西王母所居也
02-source-07-19,02-source-07,西山经,西王母其状如人，豹尾虎齿而善啸，蓬发戴胜，是司天之厉及五残
02-source-07-20,02-source-07,西山经,有兽焉，其状如犬而豹文，其角如牛，其名曰狡，其音如吠犬，见则其国大穰
02-source-07-21,02-source-07,西山经,有鸟焉，其状如翟而赤，名曰胜遇，是食鱼，其音如录，见则其国大水
02-source-07-22,02-source-07,西山经,又西四百八十里，曰轩辕之丘，无草木
02-source-07-23,02-source-07,西山经,洵水出焉，南流注于黑水，其中多丹粟，多青、雄黄
02-source-07-24,02-source-07,西山经,又西三百里，曰积石之山，其下有石门，河水冒以西南流
02-source-07-25,02-source-07,西山经,是山也，万物无不有焉
02-source-07-26,02-source-07,西山经,又西二百里，曰长留之山，其神白帝少昊居之
02-source-07-27,02-source-07,西山经,其兽皆文尾，其鸟皆文首
02-source-07-28,02-source-07,西山经,是多文玉石
02-source-07-29,02-source-07,西山经,实惟员神磈氏之宫
02-source-07-30,02-source-07,西山经,是神也，主司反景
02-source-07-31,02-source-07,西山经,又西二百八十里，曰章莪之山，无草木，多瑶碧
02-source-07-32,02-source-07,西山经,所为甚怪
02-source-07-33,02-source-07,西山经,有兽焉，其状如赤豹，五尾一角，其音如击石，其名曰狰
02-source-07-34,02-source-07,西山经,有鸟焉，其状如鹤，一足，赤文青质而白喙，名曰毕方，其鸣自叫也，见则其邑有讹火
02-source-08-1,02-source-08,西山经,又西三百里，曰阴山，浊浴之水出焉，而南流注于蕃泽，其中多文贝
02-source-08-2,02-source-08,西山经,有兽焉，其状如狸而白首，名曰天狗，其音如猫猫，可以御凶
02-source-08-3,02-source-08,西山经,又西二百里，曰符惕之山，其上多棕楠，下多金玉，神江疑居之
02-source-08-4,02-source-08,西山经,是山也，多怪雨，风云之所出也
02-source-08-5,02-source-08,西山经,又西二百二十里，曰三危之山，三青鸟居之
02-source-08-6,02-source-08,西山经,是山也，广员百里
02-source-08-7,02-source-08,西山经,其上有兽焉，其状如牛，白身四角，其豪如披蓑，其名曰𢕟𢓨，是食人
02-source-08-8,02-source-08,西山经,有鸟焉，一首而三身，其状如𪇱，其名曰鸱
02-source-08-9,02-source-08,西山经,又西一百九十里，曰騩山，其上多玉而无石
02-source-08-10,02-source-08,西山经,神耆童居之，其音常如钟磬
02-source-08-11,02-source-08,西山经,其下多积蛇
02-source-08-12,02-source-08,西山经,又西三百五十里，曰天山，多金玉，有青、雄黄
02-source-08-13,02-source-08,西山经,英水出焉，而西南流注于汤谷
02-source-08-14,02-source-08,西山经,有神焉，其状如黄囊，赤如丹火，六足四翼，浑敦无面目，是识歌舞，实惟帝江也
02-source-08-15,02-source-08,西山经,又西二百九十里，曰泑山，神蓐收居之
02-source-08-16,02-source-08,西山经,其上多婴脰之玉，其阳多瑾瑜之玉，其阴多青、雄黄
02-source-08-17,02-source-08,西山经,是山也，西望日之所入，其气员，神红光之所司也
02-source-08-18,02-source-08,西山经,西水行百里，至于翼望之山，无草木，多金玉
02-source-08-19,02-source-08,西山经,有兽焉，其状如狸，一目而三尾，名曰讙，其音如夺百声，是可以御凶，服之已瘅
02-source-08-20,02-source-08,西山经,有鸟焉，其状如乌，三首六尾而善笑，名曰鵸䳜，服之使人不厌，又可以御凶
02-source-08-21,02-source-08,西山经,凡西次三山之首，自崇吾之山至于翼望之山，凡二十三山，六千七百四十四里
02-source-08-22,02-source-08,西山经,其神状皆羊身人面
02-source-08-23,02-source-08,西山经,其祠之礼：用一吉玉瘗，糈用稷米
02-source-08-24,02-source-08,西山经,西次四山之首，曰阴山，上多榖，无石，其草多茆、蕃
02-source-08-25,02-source-08,西山经,阴水出焉，西流注于洛
02-source-08-26,02-source-08,西山经,北五十里，曰劳山，多茈草
02-source-08-27,02-source-08,西山经,弱水出焉，而西流注于洛
02-source-08-28,02-source-08,西山经,西五十里，曰罢谷之山，洱水出焉，而西流注于洛，其中多茈、碧
02-source-09-1,02-source-09,西山经,北百七十里，曰申山，其上多榖柞，其下多杻橿，其阳多金玉
02-source-09-2,02-source-09,西山经,区水出焉，而东流注于河
02-source-09-3,02-source-09,西山经,北二百里，曰鸟山，其上多桑，其下多楮，其阴多铁，其阳多玉
02-source-09-4,02-source-09,西山经,辱水出焉，而东流注于河
02-source-09-5,02-source-09,西山经,又北百二十里，曰上申之山，上无草木，而多硌石，下多榛楛，兽多白鹿
02-source-09-6,02-source-09,西山经,其鸟多当扈，其状如雉，以其髯飞，食之不眴目
02-source-09-7,02-source-09,西山经,汤水出焉，东流注于河
02-source-09-8,02-source-09,西山经,又北百八十里，曰诸次之山，诸次之水出焉，而东流注于河
02-source-09-9,02-source-09,西山经,是山也，多木无草，鸟兽莫居，是多众蛇
02-source-09-10,02-source-09,西山经,又北百八十里，曰号山，其木多漆、棕，其草多药、虈、芎藭
02-source-09-11,02-source-09,西山经,多汵石
02-source-09-12,02-source-09,西山经,端水出焉，而东流注于河
02-source-09-13,02-source-09,西山经,又北二百二十里，曰盂山，其阴多铁，其阳多铜，其兽多白狼白虎，其鸟多白雉白翠
02-source-09-14,02-source-09,西山经,生水出焉，而东流注于河
02-source-09-15,02-source-09,西山经,西二百五十里，曰白於之山，上多松柏，下多栎檀，其兽多㸲牛、羬羊，其鸟多鸮
02-source-09-16,02-source-09,西山经,洛水出于其阳，而东流注于渭；夹水出于其阴，东流注于生水
02-source-09-17,02-source-09,西山经,西北三百里，曰申首之山，无草木，冬夏有雪
02-source-09-18,02-source-09,西山经,申水出于其上，潜于其下，是多白玉
02-source-09-19,02-source-09,西山经,又西五十五里，曰泾谷之山，泾水出焉，东南流注于渭，是多白金白玉
02-source-09-20,02-source-09,西山经,又西百二十里，曰刚山，多柒木，多㻬琈之玉
02-source-09-21,02-source-09,西山经,刚水出焉，北流注于渭
02-source-09-22,02-source-09,西山经,是多神𩳁，其状人面兽身，一足一手，其音如钦
02-source-10-1,02-source-10,西山经,又西二百里，至刚山之尾，洛水出焉，而北流注于河
02-source-10-2,02-source-10,西山经,其中多蛮蛮，其状鼠身而鳖首，其音如吠犬
02-source-10-3,02-source-10,西山经,又西三百五十里，曰英鞮之山，上多漆木，下多金玉，鸟兽尽白
02-source-10-4,02-source-10,西山经,涴水出焉，而北流注于陵羊之泽
02-source-10-5,02-source-10,西山经,是多冉遗之鱼，鱼身蛇首六足，其目如马耳，食之使人不眯，可以御凶
02-source-10-6,02-source-10,西山经,又西三百里，曰中曲之山，其阳多玉，其阴多雄黄、白玉及金
02-source-10-7,02-source-10,西山经,有兽焉，其状如马，而白身黑尾，一角，虎牙爪，音如鼓，其名曰駮，是食虎豹，可以御兵
02-source-10-8,02-source-10,西山经,有木焉，其状如棠，而员叶赤实，实大如木瓜，名曰櫰木，食之多力
02-source-10-9,02-source-10,西山经,又西二百六十里，曰邽山，其上有兽焉，其状如牛，猬毛，名曰穷奇，音如嗥狗，是食人
02-source-10-10,02-source-10,西山经,濛水出焉，南流注于洋水，其中多黄贝
02-source-10-11,02-source-10,西山经,蠃鱼，鱼身而鸟翼，音如鸳鸯，见则其邑大水
02-source-10-12,02-source-10,西山经,又西二百二十里，曰鸟鼠同穴之山，其上多白虎、白玉
02-source-10-13,02-source-10,西山经,渭水出焉，而东流注于河
02-source-10-14,02-source-10,西山经,其中多鳋鱼，其状如鳣鱼，动则其邑有大兵
02-source-10-15,02-source-10,西山经,滥水出于其西，西流注于汉水，多𩶯魮之鱼，其状如覆铫，鸟首而鱼翼鱼尾，音如磬石之声，是生珠玉
02-source-10-16,02-source-10,西山经,西南三百六十里，曰崦嵫之山，其上多丹木，其叶如榖，其实大如瓜，赤符而黑理，食之已瘅，可以御火
02-source-10-17,02-source-10,西山经,其阳多龟，其阴多玉
02-source-10-18,02-source-10,西山经,苕水出焉，而西流注于海，其中多砥砺
02-source-10-19,02-source-10,西山经,有兽焉，其状马身而鸟翼，人面蛇尾，是好举人，名曰孰湖
02-source-10-20,02-source-10,西山经,有鸟焉，其状如鸮而人面，蜼身犬尾，其名自号也，见则其邑大旱
02-source-10-21,02-source-10,西山经,凡西次四山，自阴山以下，至于崦嵫之山，凡十九山，三千六百八十里
02-source-10-22,02-source-10,西山经,其神祠礼，皆用一白鸡祈，糈以稻米，白菅为席
02-source-10-23,02-source-10,西山经,右西经之山，凡七十七山，一万七千五百一十七里
03-source-01-1,03-source-01,北山经,北山之首，曰单狐之山，多机木，其上多华草
03-source-01-2,03-source-01,北山经,漨水出焉，而西流注于泑水，其中多茈石、文石
03-source-01-3,03-source-01,北山经,又北二百五十里，曰求如之山，其上多铜，其下多玉，无草木
03-source-01-4,03-source-01,北山经,滑水出焉，而西流注于诸𣬉之水
03-source-01-5,03-source-01,北山经,其中多滑鱼，其状如鱓，赤背，其音如梧，食之已疣
03-source-01-6,03-source-01,北山经,其中多水马，其状如马，而文臂牛尾，其音如呼
03-source-01-7,03-source-01,北山经,又北三百里，曰带山，其上多玉，其下多青碧
03-source-01-8,03-source-01,北山经,有兽焉，其状如马，一角有错，其名曰䑏疏，可以辟火
03-source-01-9,03-source-01,北山经,有鸟焉，其状如乌，五采而赤文，名曰鵸䳜，是自为牝牡，食之不疽
03-source-01-10,03-source-01,北山经,彭水出焉，而西流注于芘湖之水，其中多儵鱼，其状如鸡而赤毛，三尾、六足、四目，其音如鹊，食之可以已忧
03-source-01-11,03-source-01,北山经,又北四百里，曰谯明之山，谯水出焉，西流注于河
03-source-01-12,03-source-01,北山经,其中多何罗之鱼，一首而十身，其音如吠犬，食之已痈
03-source-01-13,03-source-01,北山经,有兽焉，其状如貆而赤豪，其音如榴榴，名曰孟槐，可以御凶
03-source-01-14,03-source-01,北山经,是山也，无草木，多青、雄黄
03-source-01-15,03-source-01,北山经,又北三百五十里，曰涿光之山，嚣水出焉，而西流注于河
03-source-01-16,03-source-01,北山经,其中多鳛鳛之鱼，其状如鹊而十翼，鳞皆在羽端，其音如鹊，可以御火，食之不瘅
03-source-01-17,03-source-01,北山经,其上多松柏，其下多棕橿，其兽多麢羊，其鸟多蕃
03-source-02-1,03-source-02,北山经,又北三百八十里，曰虢山，其上多漆，其下多桐椐
03-source-02-2,03-source-02,北山经,其阳多玉，其阴多铁
03-source-02-3,03-source-02,北山经,伊水出焉，西流注于河
03-source-02-4,03-source-02,北山经,其兽多橐驼，其鸟多寓，状如鼠而鸟翼，其音如羊，可以御兵
03-source-02-5,03-source-02,北山经,又北四百里，至于虢山之尾，其上多玉而无石
03-source-02-6,03-source-02,北山经,鱼水出焉，西流注于河，其中多文贝
03-source-02-7,03-source-02,北山经,又北二百里，曰丹熏之山，其上多樗柏，其草多韭䪥，多丹雘
03-source-02-8,03-source-02,北山经,熏水出焉，而西流注于棠水
03-source-02-9,03-source-02,北山经,有兽焉，其状如鼠，而菟首麋耳，其音如嗥犬，以其尾飞，名曰耳鼠，食之不䐆，又可以御百毒
03-source-02-10,03-source-02,北山经,又北二百八十里，曰石者之山，其上无草木，多瑶碧
03-source-02-11,03-source-02,北山经,泚水出焉，西流注于河
03-source-02-12,03-source-02,北山经,有兽焉，其状如豹，而文题白身，名曰孟极，是善伏，其鸣自呼
03-source-02-13,03-source-02,北山经,又北百一十里，曰边春之山，多葱、葵、韭、桃、李
03-source-02-14,03-source-02,北山经,杠水出焉，而西流注于泑泽
03-source-02-15,03-source-02,北山经,有兽焉，其状如禺而文身，善笑，见人则卧，名曰幽鴳，其鸣自呼
03-source-02-16,03-source-02,北山经,又北二百里，曰蔓联之山，其上无草木
03-source-02-17,03-source-02,北山经,有兽焉，其状如禺而有鬣，牛尾、文臂、马蹄，见人则呼，名曰足訾，其鸣自呼
03-source-02-18,03-source-02,北山经,有鸟焉，群居而朋飞，其毛如雌雉，名曰鵁，其鸣自呼，食之已风
03-source-02-19,03-source-02,北山经,又北百八十里，曰单张之山，其上无草木
03-source-02-20,03-source-02,北山经,有兽焉，其状如豹而长尾，人首而牛耳，一目，名曰诸犍，善咤，行则衔其尾，居则蟠其尾
03-source-02-21,03-source-02,北山经,有鸟焉，其状如雉，而文首、白翼、黄足，名曰白鵺，食之已嗌痛，可以已痸
03-source-02-22,03-source-02,北山经,栎水出焉，而南流注于杠水
03-source-02-23,03-source-02,北山经,又北三百二十里，曰灌题之山，其上多樗柘，其下多流沙，多砥
03-source-02-24,03-source-02,北山经,有兽焉，其状如牛而白尾，其音如訆，名曰那父
03-source-02-25,03-source-02,北山经,有鸟焉，其状如雌雉而人面，见人则跃，名曰竦斯，其鸣自呼也
03-source-02-26,03-source-02,北山经,匠韩之水出焉，而西流注于泑泽，其中多磁石
03-source-03-1,03-source-03,北山经,又北二百里，曰潘侯之山，其上多松柏，其下多榛楛，其阳多玉，其阴多铁
03-source-03-2,03-source-03,北山经,有兽焉，其状如牛，而四节生毛，名曰旄牛
03-source-03-3,03-source-03,北山经,边水出焉，而南流注于栎泽
03-source-03-4,03-source-03,北山经,又北二百三十里，曰小咸之山，无草木，冬夏有雪
03-source-03-5,03-source-03,北山经,北二百八十里，曰大咸之山，无草木，其下多玉
03-source-03-6,03-source-03,北山经,是山也，四方，不可以上
03-source-03-7,03-source-03,北山经,有蛇名曰长蛇，其毛如彘豪，其音如鼓柝
03-source-03-8,03-source-03,北山经,又北三百二十里，曰敦薨之山，其上多棕楠，其下多茈草
03-source-03-9,03-source-03,北山经,敦薨之水出焉，而西流注于泑泽
03-source-03-10,03-source-03,北山经,出于昆仑之东北隅，实惟河原
03-source-03-11,03-source-03,北山经,其中多赤鲑
03-source-03-12,03-source-03,北山经,其兽多兕、旄牛，其鸟多尸鸠
03-source-03-13,03-source-03,北山经,又北二百里，曰少咸之山，无草木，多青碧
03-source-03-14,03-source-03,北山经,有兽焉，其状如牛，而赤身、人面、马足，名曰窫窳，其音如婴儿，是食人
03-source-03-15,03-source-03,北山经,敦水出焉，东流注于雁门之水，其中多䰽䰽之鱼，食之杀人
03-source-03-16,03-source-03,北山经,又北二百里，曰狱法之山，瀤泽之水出焉，而东北流注于泰泽
03-source-03-17,03-source-03,北山经,其中多䲃鱼，其状如鲤而鸡足，食之已疣
03-source-03-18,03-source-03,北山经,有兽焉，其状如犬而人面，善投，见人则笑，其名曰山𤟤，其行如风，见则天下大风
03-source-03-19,03-source-03,北山经,又北二百里，曰北岳之山，多枳棘刚木
03-source-03-20,03-source-03,北山经,有兽焉，其状如牛，而四角、人目、彘耳，其名曰诸怀，其音如鸣雁，是食人
03-source-03-21,03-source-03,北山经,诸怀之水出焉，而西流注于嚣水
03-source-03-22,03-source-03,北山经,其中多鮨鱼，鱼身而犬首，其音如婴儿，食之已狂
03-source-03-23,03-source-03,北山经,又北百八十里，曰浑夕之山，无草木，多铜玉
03-source-03-24,03-source-03,北山经,嚣水出焉，而西北流注于海
03-source-03-25,03-source-03,北山经,有蛇一首两身，名曰肥遗，见则其国大旱
03-source-03-26,03-source-03,北山经,又北五十里，曰北单之山，无草木，多葱韭
03-source-04-1,03-source-04,北山经,又北百里，曰罴差之山，无草木，多马
03-source-04-2,03-source-04,北山经,又北百八十里，曰北鲜之山，是多马
03-source-04-3,03-source-04,北山经,鲜水出焉，而西北流注于涂吾之水
03-source-04-4,03-source-04,北山经,又北百七十里，曰隄山，多马
03-source-04-5,03-source-04,北山经,有兽焉，其状如豹而文首，名曰狕
03-source-04-6,03-source-04,北山经,隄水出焉，而东流注于泰泽，其中多龙龟
03-source-04-7,03-source-04,北山经,凡北山之首，自单狐之山至于隄山，凡二十五山，五千四百九十里，其神皆人面蛇身
03-source-04-8,03-source-04,北山经,其祠之：毛用一雄鸡彘瘗，吉玉用一珪，瘗而不糈
03-source-04-9,03-source-04,北山经,其山北人，皆生食不火之物
03-source-04-10,03-source-04,北山经,北次二山之首，在河之东，其首枕汾，其名曰管涔之山
03-source-04-11,03-source-04,北山经,其上无木而多草，其下多玉
03-source-04-12,03-source-04,北山经,汾水出焉，而西流注于河
03-source-04-13,03-source-04,北山经,又北二百五十里，曰少阳之山，其上多玉，其下多赤银
03-source-04-14,03-source-04,北山经,酸水出焉，而东流注于汾水，其中多美赭
03-source-04-15,03-source-04,北山经,又北五十里，曰县雍之山，其上多玉，其下多铜，其兽多闾麋，其鸟多白翟白䳑
03-source-04-16,03-source-04,北山经,晋水出焉，而东南流注于汾水
03-source-04-17,03-source-04,北山经,其中多鮆鱼，其状如儵而赤鳞，其音如叱，食之不骚
03-source-04-18,03-source-04,北山经,又北二百里，曰狐岐之山，无草木，多青碧
03-source-04-19,03-source-04,北山经,胜水出焉，而东北流注于汾水，其中多苍玉
03-source-04-20,03-source-04,北山经,又北三百五十里，曰白沙山，广员三百里，尽沙也，无草木鸟兽
03-source-04-21,03-source-04,北山经,鲔水出于其上，潜于其下，是多白玉
03-source-05-1,03-source-05,北山经,又北四百里，曰尔是之山，无草木，无水
03-source-05-2,03-source-05,北山经,又北三百八十里，曰狂山，无草木
03-source-05-3,03-source-05,北山经,是山也，冬夏有雪
03-source-05-4,03-source-05,北山经,狂水出焉，而西流注于浮水，其中多美玉
03-source-05-5,03-source-05,北山经,又北三百八十里，曰诸馀之山，其上多铜玉，其下多松柏
03-source-05-6,03-source-05,北山经,诸馀之水出焉，而东流注于旄水
03-source-05-7,03-source-05,北山经,又北三百五十里，曰敦头之山，其上多金玉，无草木
03-source-05-8,03-source-05,北山经,旄水出焉，而东流注于邛泽
03-source-05-9,03-source-05,北山经,其中多𩣡马，牛尾而白身，一角，其音如呼
03-source-05-10,03-source-05,北山经,又北三百五十里，曰钩吾之山，其上多玉，其下多铜
03-source-05-11,03-source-05,北山经,有兽焉，其状羊身人面，其目在腋下，虎齿人爪，其音如婴儿，名曰狍鸮，是食人
03-source-05-12,03-source-05,北山经,又北三百里，曰北嚣之山，无石，其阳多碧，其阴多玉
03-source-05-13,03-source-05,北山经,有兽焉，其状如虎，而白身犬首，马尾彘鬣，名曰独𤞞
03-source-05-14,03-source-05,北山经,有鸟焉，其状如乌，人面，名曰𪄀𪃑，宵飞而昼伏，食之已暍
03-source-05-15,03-source-05,北山经,涔水出焉，而东流注于邛泽
03-source-05-16,03-source-05,北山经,又北三百五十里，曰梁渠之山，无草木，多金玉
03-source-05-17,03-source-05,北山经,脩水出焉，而东流注于雁门
03-source-05-18,03-source-05,北山经,其兽多居暨，其状如彙而赤毛，其音如豚
03-source-05-19,03-source-05,北山经,有鸟焉，其状如夸父，四翼、一目、犬尾，名曰嚣，其音如鹊，食之已腹痛，可以止衕
03-source-05-20,03-source-05,北山经,又北四百里，曰姑灌之山，无草木
03-source-05-21,03-source-05,北山经,是山也，冬夏有雪
03-source-05-22,03-source-05,北山经,又北三百八十里，曰湖灌之山，其阳多玉，其阴多碧，多马
03-source-05-23,03-source-05,北山经,湖灌之水出焉，而东流注于海，其中多䱇
03-source-05-24,03-source-05,北山经,有木焉，其叶如柳而赤理
03-source-06-1,03-source-06,北山经,又北水行五百里，流沙三百里，至于洹山，其上多金玉
03-source-06-2,03-source-06,北山经,三桑生之，其树皆无枝，其高百仞
03-source-06-3,03-source-06,北山经,百果树生之
03-source-06-4,03-source-06,北山经,其下多怪蛇
03-source-06-5,03-source-06,北山经,又北三百里，曰敦题之山，无草木，多金玉
03-source-06-6,03-source-06,北山经,是錞于北海
03-source-06-7,03-source-06,北山经,凡北次二山之首，自管涔之山至于敦题之山，凡十七山，五千六百九十里
03-source-06-8,03-source-06,北山经,其神皆蛇身人面
03-source-06-9,03-source-06,北山经,其祠：毛用一雄鸡彘瘗；用一璧一珪，投而不糈
03-source-06-10,03-source-06,北山经,北次三山之首，曰太行之山
03-source-06-11,03-source-06,北山经,其首曰归山，其上有金玉，其下有碧
03-source-06-12,03-source-06,北山经,有兽焉，其状如麢羊而四角，马尾而有距，其名曰䮝，善还，其名自訆
03-source-06-13,03-source-06,北山经,有鸟焉，其状如鹊，白身、赤尾、六足，其名曰䴅，是善惊，其鸣自詨
03-source-06-14,03-source-06,北山经,又东北二百里，曰龙侯之山，无草木，多金玉
03-source-06-15,03-source-06,北山经,決決之水出焉，而东流注于河
03-source-06-16,03-source-06,北山经,其中多人鱼，其状如䱱鱼，四足，其音如婴儿，食之无痴疾
03-source-06-17,03-source-06,北山经,又东北二百里，曰马成之山，其上多文石，其阴多金玉
03-source-06-18,03-source-06,北山经,有兽焉，其状如白犬而黑头，见人则飞，其名曰天马，其鸣自訆
03-source-06-19,03-source-06,北山经,有鸟焉，其状如乌，首白而身青、足黄，是名曰鶌鶋，其鸣自詨，食之不饥，可以已寓
03-source-06-20,03-source-06,北山经,又东北七十里，曰咸山，其上有玉，其下多铜，是多松柏，草多茈草
03-source-06-21,03-source-06,北山经,条菅之水出焉，而西南流注于长泽
03-source-06-22,03-source-06,北山经,其中多器酸，三岁一成，食之已疠
03-source-06-23,03-source-06,北山经,又东北二百里，曰天池之山，其上无草木，多文石
03-source-06-24,03-source-06,北山经,有兽焉，其状如兔而鼠首，以其背飞，其名曰飞鼠
03-source-06-25,03-source-06,北山经,渑水出焉，潜于其下，其中多黄垩
03-source-07-1,03-source-07,北山经,又东三百里，曰阳山，其上多玉，其下多金铜
03-source-07-2,03-source-07,北山经,有兽焉，其状如牛而赤尾，其颈𦜜，其状如句瞿，其名曰领胡，其鸣自詨，食之已狂
03-source-07-3,03-source-07,北山经,有鸟焉，其状如雌雉，而五采以文，是自为牝牡，名曰象蛇，其鸣自詨
03-source-07-4,03-source-07,北山经,留水出焉，而南流注于河
03-source-07-5,03-source-07,北山经,其中有䱤父之鱼，其状如鲋鱼，鱼首而彘身，食之已呕
03-source-07-6,03-source-07,北山经,又东三百五十里，曰贲闻之山，其上多苍玉，其下多黄垩，多涅石
03-source-07-7,03-source-07,北山经,又北百里，曰王屋之山，是多石
03-source-07-8,03-source-07,北山经,㶌水出焉，而西北流注于泰泽
03-source-07-9,03-source-07,北山经,又东北三百里，曰教山，其上多玉而无石
03-source-07-10,03-source-07,北山经,教水出焉，西流注于河，是水冬干而夏流，实惟干河
03-source-07-11,03-source-07,北山经,其中有两山
03-source-07-12,03-source-07,北山经,是山也，广员三百步，其名曰发丸之山，其上有金玉
03-source-07-13,03-source-07,北山经,又南三百里，曰景山，南望盐贩之泽，北望少泽，其上多草、藷藇，其草多秦椒，其阴多赭，其阳多玉
03-source-07-14,03-source-07,北山经,有鸟焉，其状如蛇，而四翼、六目、三足，名曰酸与，其鸣自詨，见则其邑有恐
03-source-07-15,03-source-07,北山经,又东南三百二十里，曰孟门之山，其上多苍玉，多金，其下多黄垩，多涅石
03-source-07-16,03-source-07,北山经,又东南三百二十里，曰平山，平水出于其上，潜于其下，是多美玉
03-source-07-17,03-source-07,北山经,又东二百里，曰京山，有美玉，多漆木，多竹，其阳有赤铜，其阴有玄䃤
03-source-07-18,03-source-07,北山经,高水出焉，南流注于河
03-source-07-19,03-source-07,北山经,又东二百里，曰虫尾之山，其上多金玉，其下多竹，多青碧
03-source-07-20,03-source-07,北山经,丹水出焉，南流注于河
03-source-07-21,03-source-07,北山经,薄水出焉，而东南流注于黄泽
03-source-08-1,03-source-08,北山经,又东三百里，曰彭𣬉之山，其上无草木，多金玉，其下多水
03-source-08-2,03-source-08,北山经,蚤林之水出焉，东南流注于河
03-source-08-3,03-source-08,北山经,肥水出焉，而南流注于床水，其中多肥遗之蛇
03-source-08-4,03-source-08,北山经,又东百八十里，曰小侯之山，明漳之水出焉，南流注于黄泽
03-source-08-5,03-source-08,北山经,有鸟焉，其状如乌而白文，名曰鸪𪄶，食之不灂
03-source-08-6,03-source-08,北山经,又东三百七十里，曰泰头之山，共水出焉，南注于虖池
03-source-08-7,03-source-08,北山经,其上多金玉，其下多竹箭
03-source-08-8,03-source-08,北山经,又东北二百里，曰轩辕之山，其上多铜，其下多竹
03-source-08-9,03-source-08,北山经,有鸟焉，其状如枭而白首，其名曰黄鸟，其鸣自詨，食之不妒
03-source-08-10,03-source-08,北山经,又北二百里，曰谒戾之山，其上多松柏，有金玉
03-source-08-11,03-source-08,北山经,沁水出焉，南流注于河
03-source-08-12,03-source-08,北山经,其东有林焉，名曰丹林
03-source-08-13,03-source-08,北山经,丹林之水出焉，南流注于河
03-source-08-14,03-source-08,北山经,婴侯之水出焉，北流注于氾水
03-source-08-15,03-source-08,北山经,东三百里，曰沮洳之山，无草木，有金玉
03-source-08-16,03-source-08,北山经,濝水出焉，南流注于河
03-source-08-17,03-source-08,北山经,又北三百里，曰神囷之山，其上有文石，其下有白蛇，有飞虫
03-source-08-18,03-source-08,北山经,黄水出焉，而东流注于洹
03-source-08-19,03-source-08,北山经,滏水出焉，而东流注于欧水
03-source-09-1,03-source-09,北山经,又北二百里，曰发鸠之山，其上多柘木
03-source-09-2,03-source-09,北山经,有鸟焉，其状如乌，文首、白喙、赤足，名曰精卫，其鸣自詨
03-source-09-3,03-source-09,北山经,是炎帝之少女名曰女娃，女娃游于东海，溺而不返，故为精卫，常衔西山之木石，以堙于东海
03-source-09-4,03-source-09,北山经,漳水出焉，东流注于河
03-source-09-5,03-source-09,北山经,又东北百二十里，曰少山，其上有金玉，其下有铜
03-source-09-6,03-source-09,北山经,清漳之水出焉，东流注于浊漳之水
03-source-09-7,03-source-09,北山经,又东北二百里，曰锡山，其上多玉，其下有砥
03-source-09-8,03-source-09,北山经,牛首之水出焉，而东流注于滏水
03-source-09-9,03-source-09,北山经,又北二百里，曰景山，有美玉
03-source-09-10,03-source-09,北山经,景水出焉，东南流注于海泽
03-source-09-11,03-source-09,北山经,又北百里，曰题首之山，有玉焉，多石，无水
03-source-09-12,03-source-09,北山经,又北百里，曰绣山，其上有玉、青碧
03-source-09-13,03-source-09,北山经,其木多栒，其草多芍药、芎藭
03-source-09-14,03-source-09,北山经,洧水出焉，而东流注于河，其中有鳠、黾
03-source-09-15,03-source-09,北山经,又北百二十里，曰松山，阳水出焉，东北流注于河
03-source-09-16,03-source-09,北山经,又北百二十里，曰敦与之山，其上无草木，有金玉
03-source-09-17,03-source-09,北山经,溹水出于其阳，而东流注于泰陆之水；泜水出于其阴，而东流注于彭水
03-source-09-18,03-source-09,北山经,槐水出焉，而东流注于泜泽
03-source-09-19,03-source-09,北山经,又北百七十里，曰柘山，其阳有金玉，其阴有铁
03-source-09-20,03-source-09,北山经,历聚之水出焉，而北流注于洧水
03-source-09-21,03-source-09,北山经,又北三百里，曰维龙之山，其上有碧玉，其阳有金，其阴有铁
03-source-09-22,03-source-09,北山经,肥水出焉，而东流注于皋泽，其中多礨石
03-source-09-23,03-source-09,北山经,敞铁之水出焉，而北流注于大泽
03-source-10-1,03-source-10,北山经,又北百八十里，曰白马之山，其阳多石玉，其阴多铁，多赤铜
03-source-10-2,03-source-10,北山经,木马之水出焉，而东北流注于虖沱
03-source-10-3,03-source-10,北山经,又北二百里，曰空桑之山，无草木，冬夏有雪
03-source-10-4,03-source-10,北山经,空桑之水出焉，东流注于虖沱
03-source-10-5,03-source-10,北山经,又北三百里，曰泰戏之山，无草木，多金玉
03-source-10-6,03-source-10,北山经,有兽焉，其状如羊，一角一目，目在耳后，其名曰䍶䍶，其鸣自詨
03-source-10-7,03-source-10,北山经,虖沱之水出焉，而东流注于溇水
03-source-10-8,03-source-10,北山经,液女之水出于其阳，南流注于沁水
03-source-10-9,03-source-10,北山经,又北三百里，曰石山，多藏金玉
03-source-10-10,03-source-10,北山经,濩濩之水出焉，而东流注于虖沱；鲜于之水出焉，而南流注于虖沱
03-source-10-11,03-source-10,北山经,又北二百里，曰童戎之山，皋涂之水出焉，而东流注于溇液水
03-source-10-12,03-source-10,北山经,又北三百里，曰高是之山，滋水出焉，而南流注于虖沱
03-source-10-13,03-source-10,北山经,其木多棕，其草多条
03-source-10-14,03-source-10,北山经,滱水出焉，东流注于河
03-source-10-15,03-source-10,北山经,又北三百里，曰陆山，多美玉
03-source-10-16,03-source-10,北山经,𨜰水出焉，而东流注于河
03-source-10-17,03-source-10,北山经,又北二百里，曰沂山，般水出焉，而东流注于河
03-source-10-18,03-source-10,北山经,北百二十里，曰燕山，多婴石
03-source-10-19,03-source-10,北山经,燕水出焉，东流注于河
03-source-10-20,03-source-10,北山经,又北山行五百里，水行五百里，至于饶山
03-source-10-21,03-source-10,北山经,是无草木，多瑶碧，其兽多橐驼，其鸟多鹠
03-source-10-22,03-source-10,北山经,历虢之水出焉，而东流注于河
03-source-10-23,03-source-10,北山经,其中有师鱼，食之杀人
03-source-10-24,03-source-10,北山经,又北四百里，曰乾山，无草木，其阳有金玉，其阴有铁而无水
03-source-10-25,03-source-10,北山经,有兽焉，其状如牛而三足，其名曰豲，其鸣自詨
03-source-10-26,03-source-10,北山经,又北五百里，曰伦山，伦水出焉，而东流注于河
03-source-10-27,03-source-10,北山经,有兽焉，其状如麋，其州在尾上，其名曰罴九
03-source-10-28,03-source-10,北山经,又北五百里，曰碣石之山，绳水出焉，而东流注于河，其中多蒲夷之鱼
03-source-10-29,03-source-10,北山经,其上有玉，其下多青碧
03-source-10-30,03-source-10,北山经,又北水行五百里，至于雁门之山，无草木
03-source-10-31,03-source-10,北山经,又北水行四百里，至于泰泽
03-source-10-32,03-source-10,北山经,其中有山焉，曰帝都之山，广员百里，无草木，有金玉
03-source-10-33,03-source-10,北山经,又北五百里，曰錞于毋逢之山，北望鸡号之山，其风如䬅
03-source-10-34,03-source-10,北山经,西望幽都之山，浴水出焉
03-source-10-35,03-source-10,北山经,是有大蛇，赤首白身，其音如牛，见则其邑大旱
03-source-10-36,03-source-10,北山经,凡北次三山之首，自太行之山以至于毋逢之山，凡四十六山，万二千三百五十里
03-source-10-37,03-source-10,北山经,其神状皆马身而人面者廿神
03-source-10-38,03-source-10,北山经,其祠之：皆用一藻珪瘗之
03-source-10-39,03-source-10,北山经,其十四神状皆彘身而载玉
03-source-10-40,03-source-10,北山经,其祠之：皆玉，不瘗
03-source-10-41,03-source-10,北山经,其十神状皆彘身而八足蛇尾
03-source-10-42,03-source-10,北山经,其祠之：皆用一璧瘗之
03-source-10-43,03-source-10,北山经,大凡四十四神，皆用稌糈米祠之
03-source-10-44,03-source-10,北山经,此皆不火食
03-source-10-45,03-source-10,北山经,右北经之山，凡八十七山，二万三千二百三十里
04-source-01-1,04-source-01,东山经,东山之首，曰樕𧑤之山，北临乾昧
04-source-01-2,04-source-01,东山经,食水出焉，而东北流注于海
04-source-01-3,04-source-01,东山经,其中多鳙鳙之鱼，其状如犁牛，其音如彘鸣
04-source-01-4,04-source-01,东山经,又南三百里，曰藟山，其上有玉，其下有金
04-source-01-5,04-source-01,东山经,湖水出焉，东流注于食水，其中多活师
04-source-01-6,04-source-01,东山经,又南三百里，曰栒状之山，其上多金玉，其下多青碧石
04-source-01-7,04-source-01,东山经,有兽焉，其状如犬，六足，其名曰从从，其鸣自詨
04-source-01-8,04-source-01,东山经,有鸟焉，其状如鸡而鼠毛，其名曰䖪鼠，见则其邑大旱
04-source-01-9,04-source-01,东山经,𣲵水出焉，而北流注于湖水
04-source-01-10,04-source-01,东山经,其中多箴鱼，其状如儵，其喙如箴，食之无疫疾
04-source-01-11,04-source-01,东山经,又南三百里，曰勃亝之山，无草木，无水
04-source-01-12,04-source-01,东山经,又南三百里，曰番条之山，无草木，多沙
04-source-01-13,04-source-01,东山经,減水出焉，北流注于海，其中多鳡鱼
04-source-01-14,04-source-01,东山经,又南四百里，曰姑兒之山，其上多漆，其下多桑柘
04-source-01-15,04-source-01,东山经,姑兒之水出焉，北流注于海，其中多鳡鱼
04-source-01-16,04-source-01,东山经,又南四百里，曰高氏之山，其上多玉，其下多箴石
04-source-01-17,04-source-01,东山经,诸绳之水出焉，东流注于泽，其中多金玉
04-source-02-1,04-source-02,东山经,又南三百里，曰岳山，其上多桑，其下多樗
04-source-02-2,04-source-02,东山经,泺水出焉，东流注于泽，其中多金玉
04-source-02-3,04-source-02,东山经,又南三百里，曰犲山，其上无草木，其下多水，其中多堪㐨之鱼
04-source-02-4,04-source-02,东山经,有兽焉，其状如夸父而彘毛，其音如呼，见则天下大水
04-source-02-5,04-source-02,东山经,又南三百里，曰独山，其上多金玉，其下多美石
04-source-02-6,04-source-02,东山经,末涂之水出焉，而东南流注于沔，其中多䖺䗤，其状如黄蛇，鱼翼，出入有光，见则其邑大旱
04-source-02-7,04-source-02,东山经,又南三百里，曰泰山，其上多玉，其下多金
04-source-02-8,04-source-02,东山经,有兽焉，其状如豚而有珠，名曰狪狪，其鸣自訆
04-source-02-9,04-source-02,东山经,环水出焉，东流注于汶，其中多水玉
04-source-03-1,04-source-03,东山经,又南三百里，曰竹山，錞于汶，无草木，多瑶碧
04-source-03-2,04-source-03,东山经,激水出焉，而东南流注于娶檀之水，其中多茈蠃
04-source-03-3,04-source-03,东山经,凡东山之首，自樕𧑤之山以至于竹山，凡十二山，三千六百里
04-source-03-4,04-source-03,东山经,其神状皆人身龙首
04-source-03-5,04-source-03,东山经,祠：毛用一犬祈，衈用鱼
04-source-03-6,04-source-03,东山经,东次二山之首，曰空桑之山，北临食水，东望沮吴，南望沙陵，西望湣泽
04-source-03-7,04-source-03,东山经,有兽焉，其状如牛而虎文，其音如钦，其名曰軨軨，其鸣自叫，见则天下大水
04-source-03-8,04-source-03,东山经,又南六百里，曰曹夕之山，其下多榖而无水，多鸟兽
04-source-03-9,04-source-03,东山经,又西南四百里，曰峄皋之山，其上多金玉，其下多白垩
04-source-03-10,04-source-03,东山经,峄皋之水出焉，东流注于激女之水，其中多蜃珧
04-source-03-11,04-source-03,东山经,又南水行五百里，流沙三百里，至于葛山之尾，无草木，多砥砺
04-source-03-12,04-source-03,东山经,又南三百八十里，曰葛山之首，无草木
04-source-03-13,04-source-03,东山经,澧水出焉，东流注于余泽，其中多珠蟞鱼，其状如肺而四目，六足有珠，其味酸甘，食之无疠
04-source-03-14,04-source-03,东山经,又南三百八十里，曰馀峨之山，其上多梓楠，其下多荆芑
04-source-03-15,04-source-03,东山经,杂余之水出焉，东流注于黄水
04-source-03-16,04-source-03,东山经,有兽焉，其状如菟而鸟喙，鸱目蛇尾，见人则眠，名曰犰狳，其鸣自訆，见则螽蝗为败
04-source-04-1,04-source-04,东山经,又南三百里，曰杜父之山，无草木，多水
04-source-04-2,04-source-04,东山经,又南三百里，曰耿山，无草木，多水碧，多大蛇
04-source-04-3,04-source-04,东山经,有兽焉，其状如狐而鱼翼，其名曰朱獳，其鸣自訆，见则其国有恐
04-source-04-4,04-source-04,东山经,又南三百里，曰卢其之山，无草木，多沙石
04-source-04-5,04-source-04,东山经,沙水出焉，南流注于涔水
04-source-04-6,04-source-04,东山经,其中多鵹鹕，其状如鸳鸯而人足，其鸣自訆，见则其国多土功
04-source-04-7,04-source-04,东山经,又南三百八十里，曰姑射之山，无草木，多水
04-source-04-8,04-source-04,东山经,又南水行三百里，流沙百里，曰北姑射之山，无草木，多石
04-source-04-9,04-source-04,东山经,又南三百里，曰南姑射之山，无草木，多水
04-source-04-10,04-source-04,东山经,又南三百里，曰碧山，无草木，多大蛇，多碧、水玉
04-source-04-11,04-source-04,东山经,又南五百里，曰缑氏之山，无草木，多金玉
04-source-04-12,04-source-04,东山经,原水出焉，东流注于沙泽
04-source-04-13,04-source-04,东山经,又南三百里，曰姑逢之山，无草木，多金玉
04-source-04-14,04-source-04,东山经,有兽焉，其状如狐而有翼，其音如鸿雁，其名曰獙獙，见则天下大旱
04-source-05-1,04-source-05,东山经,又南五百里，曰凫丽之山，其上多金玉，其下多箴石
04-source-05-2,04-source-05,东山经,有兽焉，其状如狐，而九尾、九首、虎爪，名曰蠪蛭，其音如婴儿，是食人
04-source-05-3,04-source-05,东山经,又南五百里，曰䃌山，南临䃌水，东望湖泽
04-source-05-4,04-source-05,东山经,有兽焉，其状如马而羊目、四角、牛尾，其音如嗥狗，其名曰峳峳，见则其国多狡客
04-source-05-5,04-source-05,东山经,有鸟焉，其状如凫而鼠尾，善登木，其名曰絜钩，见则其国多疫
04-source-05-6,04-source-05,东山经,凡东次二山之首，自空桑之山至于䃌山，凡十七山，六千六百四十里
04-source-05-7,04-source-05,东山经,其神状皆兽身人面载觡
04-source-05-8,04-source-05,东山经,其祠：毛用一鸡祈，婴用一璧瘗
04-source-05-9,04-source-05,东山经,东次三山之首，曰尸胡之山，北望𦍙山，其上多金玉，其下多棘
04-source-05-10,04-source-05,东山经,有兽焉，其状如麋而鱼目，名曰妴胡，其鸣自訆
04-source-05-11,04-source-05,东山经,又南水行八百里，曰岐山，其木多桃李，其兽多虎
04-source-05-12,04-source-05,东山经,又南水行五百里，曰诸钩之山，无草木，多沙石，是山也，广员百里，多寐鱼
04-source-05-13,04-source-05,东山经,又南水行七百里，曰中父之山，无草木，多沙
04-source-05-14,04-source-05,东山经,又东水行千里，曰胡射之山，无草木，多沙石
04-source-05-15,04-source-05,东山经,又南水行七百里，曰孟子之山，其木多梓桐，多桃李
04-source-05-16,04-source-05,东山经,其草多菌蒲，其兽多麋鹿，是山也，广员百里
04-source-05-17,04-source-05,东山经,其上有水出焉，名曰碧阳，其中多鳣鲔
04-source-06-1,04-source-06,东山经,又南水行五百里，流沙五百里，有山焉，曰跂踵之山，广员二百里，无草木，有大蛇，其上多玉
04-source-06-2,04-source-06,东山经,有水焉，广员四十里，皆涌，其名曰深泽，其中多蠵龟
04-source-06-3,04-source-06,东山经,有鱼焉，其状如鲤，而六足鸟尾，名曰鮯鮯之鱼，其鸣自訆
04-source-06-4,04-source-06,东山经,又南水行九百里，曰踇隅之山，其上多草木，多金玉，多赭
04-source-06-5,04-source-06,东山经,有兽焉，其状如牛而马尾，名曰精精，其鸣自叫
04-source-06-6,04-source-06,东山经,又南水行五百里，流沙三百里，至于无皋之山，南望幼海，东望榑木，无草木，多风
04-source-06-7,04-source-06,东山经,是山也，广员百里
04-source-06-8,04-source-06,东山经,凡东次三山之首，自尸胡之山至于无皋之山，凡九山，六千九百里
04-source-06-9,04-source-06,东山经,其神状皆人身而羊角
04-source-06-10,04-source-06,东山经,其祠：用一牡羊，糈用黍
04-source-06-11,04-source-06,东山经,是神也，见则风雨水为败
04-source-06-12,04-source-06,东山经,东次四山之首，曰北号之山，临于北海
04-source-06-13,04-source-06,东山经,有木焉，其状如杨，赤华，其实如枣而无核，其味酸甘，食之不疟
04-source-06-14,04-source-06,东山经,食水出焉，而东北流注于海
04-source-06-15,04-source-06,东山经,有兽焉，其状如狼，赤首鼠目，其音如豚，名曰獦狚，是食人
04-source-06-16,04-source-06,东山经,有鸟焉，其状如鸡而白首，鼠足而虎爪，其名曰鬿雀，亦食人
04-source-06-17,04-source-06,东山经,又南三百里，曰旄山，无草木
04-source-06-18,04-source-06,东山经,苍体之水出焉，而西流注于展水
04-source-06-19,04-source-06,东山经,其中多鱃鱼，其状如鲤而大首，食者不疣
04-source-06-20,04-source-06,东山经,又南三百二十里，曰东始之山，上多苍玉
04-source-06-21,04-source-06,东山经,有木焉，其状如杨而赤理，其汁如血，不实，其名曰芑，可以服马
04-source-06-22,04-source-06,东山经,泚水出焉，而东北流注于海，其中多美贝，多茈鱼，其状如鲋，一首而十身，其臭如蘪芜，食之不䊧
04-source-07-1,04-source-07,东山经,又东南三百里，曰女烝之山，其上无草木
04-source-07-2,04-source-07,东山经,石膏水出焉，而西注于鬲水，其中多薄鱼，其状如鳣鱼而一目，其音如欧，见则天下大旱
04-source-07-3,04-source-07,东山经,又东南二百里，曰钦山，多金玉而无石
04-source-07-4,04-source-07,东山经,师水出焉，而北流注于皋泽，其中多鱃鱼，多文贝
04-source-07-5,04-source-07,东山经,有兽焉，其状如豚而有牙，其名曰当康，其鸣自叫，见则天下大穰
04-source-07-6,04-source-07,东山经,又东南二百里，曰子桐之山
04-source-07-7,04-source-07,东山经,子桐之水出焉，而西流注于馀如之泽
04-source-07-8,04-source-07,东山经,其中多䱻鱼，其状如鱼而鸟翼，出入有光，其音如鸳鸯，见则天下大旱
04-source-07-9,04-source-07,东山经,又东北二百里，曰剡山，多金玉
04-source-07-10,04-source-07,东山经,有兽焉，其状如彘而人面，黄身而赤尾，其名曰合窳，其音如婴儿，是兽也，食人，亦食虫蛇，见则天下大水
04-source-07-11,04-source-07,东山经,又东二百里，曰太山，上多金玉、桢木
04-source-07-12,04-source-07,东山经,有兽焉，其状如牛而白首，一目而蛇尾，其名曰蜚，行水则竭，行草则死，见则天下大疫
04-source-07-13,04-source-07,东山经,钩水出焉，而北流注于劳水，其中多鱃鱼
04-source-07-14,04-source-07,东山经,凡东次四山之首，自北号之山至于太山，凡八山，一千七百二十里
04-source-07-15,04-source-07,东山经,右东经之山，凡四十六山，万八千八百六十里
05-source-01-1,05-source-01,中山经,中山薄山之首，曰甘枣之山，共水出焉，而西流注于河
05-source-01-2,05-source-01,中山经,其上多杻木
05-source-01-3,05-source-01,中山经,其下有草焉，葵本而杏叶，黄华而荚实，名曰箨，可以已瞢
05-source-01-4,05-source-01,中山经,有兽焉，其状如𤠢鼠而文题，其名曰㔮，食之已瘿
05-source-01-5,05-source-01,中山经,又东二十里，曰历兒之山，其上多橿，多櫔木，是木也，方茎而员叶，黄华而毛，其实如楝，服之不忘
05-source-01-6,05-source-01,中山经,又东十五里，曰渠猪之山，其上多竹
05-source-01-7,05-source-01,中山经,渠猪之水出焉，而南流注于河
05-source-01-8,05-source-01,中山经,其中是多豪鱼，状如鲔，而赤喙赤尾赤羽，可以已白癣
05-source-01-9,05-source-01,中山经,又东三十五里，曰葱聋之山，其中多大谷，是多白垩，黑、青、黄垩
05-source-01-10,05-source-01,中山经,又东十五里，曰涹山，其上多赤铜，其阴多铁
05-source-01-11,05-source-01,中山经,又东七十里，曰脱扈之山，有草焉，其状如葵叶而赤华，荚实，实如棕荚，名曰植楮，可以已癙，食之不眯
05-source-01-12,05-source-01,中山经,又东二十里，曰金星之山，多天婴，其状如龙骨，可以已痤
05-source-01-13,05-source-01,中山经,又东七十里，曰泰威之山，其中有谷，曰枭谷，其中多铁
05-source-01-14,05-source-01,中山经,又东十五里，曰橿谷之山，其中多赤铜
05-source-01-15,05-source-01,中山经,又东百二十里，曰吴林之山，其中多葌草
05-source-01-16,05-source-01,中山经,又北三十里，曰牛首之山，有草焉，名曰鬼草，其叶如葵而赤茎，其秀如禾，服之不忧
05-source-01-17,05-source-01,中山经,劳水出焉，而西流注于潏水
05-source-01-18,05-source-01,中山经,是多飞鱼，其状如鲋鱼，食之已痔衕
05-source-01-19,05-source-01,中山经,又北四十里，曰霍山，其木多榖
05-source-01-20,05-source-01,中山经,有兽焉，其状如狸，而白尾有鬣，名曰朏朏，养之可以已忧
05-source-02-1,05-source-02,中山经,又北五十二里，曰合谷之山，是多薝棘
05-source-02-2,05-source-02,中山经,又北三十五里，曰阴山，多砺石、文石
05-source-02-3,05-source-02,中山经,少水出焉，其中多雕棠，其叶如榆叶而方，其实如赤菽，食之已聋
05-source-02-4,05-source-02,中山经,又东北四百里，曰鼓镫之山，多赤铜
05-source-02-5,05-source-02,中山经,有草焉，名曰荣草，其叶如柳，其本如鸡卵，食之已风
05-source-02-6,05-source-02,中山经,凡薄山之首，自甘枣之山至于鼓镫之山，凡十五山，六千六百七十里
05-source-02-7,05-source-02,中山经,历兒，冢也
05-source-02-8,05-source-02,中山经,其祠礼：毛，太牢之具；县婴以吉玉
05-source-02-9,05-source-02,中山经,其余十三山者，毛用一羊，县婴用藻珪，瘗而不糈
05-source-02-10,05-source-02,中山经,藻珪者，藻玉也，方其下而锐其上，而中穿之加金
05-source-02-11,05-source-02,中山经,中次二山济山之首，曰煇诸之山，其上多桑，其兽多闾麋，其鸟多鹖
05-source-02-12,05-source-02,中山经,又西南二百里，曰发视之山，其上多金玉，其下多砥砺
05-source-02-13,05-source-02,中山经,即鱼之水出焉，而西流注于伊水
05-source-02-14,05-source-02,中山经,又西三百里，曰豪山，其上多金玉而无草木
05-source-02-15,05-source-02,中山经,又西三百里，曰鲜山，多金玉，无草木
05-source-02-16,05-source-02,中山经,鲜水出焉，而北流注于伊水
05-source-02-17,05-source-02,中山经,其中多鸣蛇，其状如蛇而四翼，其音如磬，见则其邑大旱
05-source-03-1,05-source-03,中山经,又西二百里，曰昆吾之山，其上多赤铜
05-source-03-2,05-source-03,中山经,有兽焉，其状如彘而有角，其音如号，名曰蠪蛭，食之不眯
05-source-03-3,05-source-03,中山经,又西百二十里，曰葌山，葌水出焉，而北流注于伊水，其上多金玉，其下多青、雄黄
05-source-03-4,05-source-03,中山经,有木焉，其状如棠而赤叶，名曰芒草，可以毒鱼
05-source-03-5,05-source-03,中山经,又西一百五十里，曰独苏之山，无草木而多水
05-source-03-6,05-source-03,中山经,又西二百里，曰蔓渠之山，其上多金玉，其下多竹箭
05-source-03-7,05-source-03,中山经,伊水出焉，而东流注于洛
05-source-03-8,05-source-03,中山经,有兽焉，其名曰马腹，其状如人而虎身，其音如婴儿，是食人
05-source-03-9,05-source-03,中山经,凡济山之首，自煇诸之山至于蔓渠之山，凡九山，一千六百七十里
05-source-03-10,05-source-03,中山经,其神皆人面而鸟身
05-source-03-11,05-source-03,中山经,祠用毛，用一吉玉，投而不糈
05-source-03-12,05-source-03,中山经,中次三山萯山之首，曰敖岸之山，其阳多㻬琈之玉，其阴多赭、黄金
05-source-03-13,05-source-03,中山经,神熏池居之
05-source-03-14,05-source-03,中山经,是常出美玉
05-source-03-15,05-source-03,中山经,北望河林，其状如茜如举
05-source-03-16,05-source-03,中山经,有兽焉，其状如白鹿而四角，名曰夫诸，见则其邑大水
05-source-03-17,05-source-03,中山经,又东十里，曰青要之山，实惟帝之密都
05-source-03-18,05-source-03,中山经,是多驾鸟
05-source-03-19,05-source-03,中山经,南望墠渚，禹父之所化
05-source-03-20,05-source-03,中山经,是多仆累、蒲卢
05-source-03-21,05-source-03,中山经,䰠武罗司之，其状人面而豹文，小要而白齿，而穿耳以鐻，其鸣如鸣玉
05-source-03-22,05-source-03,中山经,是山也，宜女子
05-source-03-23,05-source-03,中山经,畛水出焉，而北流注于河
05-source-03-24,05-source-03,中山经,其中有鸟焉，名曰鴢，其状如凫，青身而朱目赤尾，食之宜子
05-source-03-25,05-source-03,中山经,有草焉，其状如葌，而方茎、黄华、赤实，其本如藁本，名曰荀草，服之美人色
05-source-03-26,05-source-03,中山经,又东十里，曰騩山，其上有美枣，其阴有㻬琈之玉
05-source-03-27,05-source-03,中山经,正回之水出焉，而北流注于河
05-source-03-28,05-source-03,中山经,其中多飞鱼，其状如豚而赤文，服之不畏雷，可以御兵
05-source-03-29,05-source-03,中山经,又东四十里，曰宜苏之山，其上多金玉，其下多蔓居之木
05-source-03-30,05-source-03,中山经,滽滽之水出焉，而北流注于河，是多黄贝
05-source-04-1,05-source-04,中山经,又东二十里，曰和山，其上无草木而多瑶碧，实惟河之九都
05-source-04-2,05-source-04,中山经,是山也五曲，九水出焉，合而北流注于河，其中多苍玉
05-source-04-3,05-source-04,中山经,吉神泰逢司之，其状如人而虎尾，是好居于萯山之阳，出入有光
05-source-04-4,05-source-04,中山经,泰逢神动天地气也
05-source-04-5,05-source-04,中山经,凡萯山之首，自敖岸之山至于和山，凡五山，四百四十里
05-source-04-6,05-source-04,中山经,其祠：泰逢、熏池、武罗皆一牡羊副，婴用吉玉
05-source-04-7,05-source-04,中山经,其二神用一雄鸡瘗之
05-source-04-8,05-source-04,中山经,糈用稌
05-source-04-9,05-source-04,中山经,中次四山釐山之首，曰鹿蹄之山，其上多玉，其下多金
05-source-04-10,05-source-04,中山经,甘水出焉，而北流注于洛，其中多泠石
05-source-04-11,05-source-04,中山经,西五十里，曰扶猪之山，其上多礝石
05-source-04-12,05-source-04,中山经,有兽焉，其状如貉而人目，其名曰䴦
05-source-04-13,05-source-04,中山经,虢水出焉，而北流注于洛，其中多瓀石
05-source-04-14,05-source-04,中山经,又西一百二十里，曰釐山，其阳多玉，其阴多蒐
05-source-04-15,05-source-04,中山经,有兽焉，其状如牛，苍身，其音如婴儿，是食人，其名曰犀渠
05-source-04-16,05-source-04,中山经,滽滽之水出焉，而南流注于伊水
05-source-04-17,05-source-04,中山经,有兽焉，名曰𤢺，其状如獳犬而有鳞，其毛如彘鬣
05-source-04-18,05-source-04,中山经,又西二百里，曰箕尾之山，多榖，多涂石，其上多㻬琈之玉
05-source-04-19,05-source-04,中山经,又西二百五十里，曰柄山，其上多玉，其下多铜
05-source-04-20,05-source-04,中山经,滔雕之水出焉，而北流注于洛
05-source-04-21,05-source-04,中山经,其中多羬羊
05-source-04-22,05-source-04,中山经,有木焉，其状如樗，其叶如桐而荚实，其名曰茇，可以毒鱼
05-source-05-1,05-source-05,中山经,又西二百里，曰白边之山，其上多金玉，其下多青、雄黄
05-source-05-2,05-source-05,中山经,又西二百里，曰熊耳之山，其上多漆，其下多棕
05-source-05-3,05-source-05,中山经,浮濠之水出焉，而西流注于洛，其中多水玉，多人鱼
05-source-05-4,05-source-05,中山经,有草焉，其状如苏而赤华，名曰葶苧，可以毒鱼
05-source-05-5,05-source-05,中山经,又西三百里，曰牡山，其上多文石，其下多竹箭、竹䉋
05-source-05-6,05-source-05,中山经,其兽多㸲牛、羬羊，鸟多赤鷩
05-source-05-7,05-source-05,中山经,又西三百五十里，曰讙举之山，雒水出焉，而东北流注于玄扈之水，其中多马肠之物
05-source-05-8,05-source-05,中山经,此二山者，洛间也
05-source-05-9,05-source-05,中山经,凡釐山之首，自鹿蹄之山至于玄扈之山，凡九山，千六百七十里
05-source-05-10,05-source-05,中山经,其神状皆人面兽身
05-source-05-11,05-source-05,中山经,其祠之：毛用一白鸡，祈而不糈；以采衣之
05-source-05-12,05-source-05,中山经,中次五山薄山之首，曰苟林之山，无草木，多怪石
05-source-05-13,05-source-05,中山经,东三百里，曰首山，其阴多榖柞，其草多𦬸芫，其阳多㻬琈之玉，木多槐
05-source-05-14,05-source-05,中山经,其阴有谷，曰机谷，多䲦鸟，其状如枭而三目，有耳，其音如錄，食之已垫
05-source-05-15,05-source-05,中山经,又东三百里，曰县斸之山，无草木，多文石
05-source-05-16,05-source-05,中山经,又东三百里，曰葱聋之山，无草木，多𢈦石
05-source-05-17,05-source-05,中山经,东北五百里，曰条谷之山，其木多槐桐，其草多芍药、𧄸冬
05-source-05-18,05-source-05,中山经,又北十里，曰超山，其阴多苍玉，其阳有井，冬有水而夏竭
05-source-05-19,05-source-05,中山经,又东五百里，曰成侯之山，其上多櫄木，其草多芁
05-source-05-20,05-source-05,中山经,又东五百里，曰朝歌之山，谷多美垩
05-source-05-21,05-source-05,中山经,又东五百里，曰槐山，谷多金锡
05-source-06-1,05-source-06,中山经,又东十里，曰历山，其木多槐，其阳多玉
05-source-06-2,05-source-06,中山经,又东十里，曰尸山，多苍玉，其兽多麖
05-source-06-3,05-source-06,中山经,尸水出焉，南流注于洛水，其中多美玉
05-source-06-4,05-source-06,中山经,又东十里，曰良馀之山，其上多榖柞，无石
05-source-06-5,05-source-06,中山经,馀水出于其阴，而北流注于河；乳水出于其阳，而东南流注于洛
05-source-06-6,05-source-06,中山经,又东南十里，曰蛊尾之山，多砺石、赤铜
05-source-06-7,05-source-06,中山经,龙馀之水出焉，而东南流注于洛
05-source-06-8,05-source-06,中山经,又东北二十里，曰升山，其木多榖柞棘，其草多藷藇、蕙，多寇脱
05-source-06-9,05-source-06,中山经,黄酸之水出焉，而北流注于河，其中多璇玉
05-source-06-10,05-source-06,中山经,又东十二里，曰阳虚之山，多金，临于玄扈之水
05-source-06-11,05-source-06,中山经,凡薄山之首，自苟林之山至于阳虚之山，凡十六山，二千九百八十二里
05-source-06-12,05-source-06,中山经,升山，冢也，其祠礼：太牢，婴用吉玉
05-source-06-13,05-source-06,中山经,首山，䰠也，其祠用稌、黑牺太牢之具、糵酿；干儛，置鼓；婴用一璧
05-source-06-14,05-source-06,中山经,尸水，合天也，肥牲祠之，用一黑犬于上，用一雌鸡于下，刉一牝羊，献血
05-source-06-15,05-source-06,中山经,婴用吉玉
05-source-06-16,05-source-06,中山经,采之，飨之
05-source-06-17,05-source-06,中山经,中次六山缟羝山之首，曰平逢之山，南望伊、洛，东望谷城之山，无草木，无水，多沙石
05-source-06-18,05-source-06,中山经,有神焉，其状如人而二首，名曰骄虫，是为螫虫，实惟蜂蜜之庐
05-source-06-19,05-source-06,中山经,其祠之：用一雄鸡，禳而勿杀
05-source-07-1,05-source-07,中山经,西十里，曰缟羝之山，无草木，多金玉
05-source-07-2,05-source-07,中山经,又西十里，曰廆山，其阴多㻬琈之玉
05-source-07-3,05-source-07,中山经,其西有谷焉，名曰雚谷，其木多柳楮
05-source-07-4,05-source-07,中山经,其中有鸟焉，状如山鸡而长尾，赤如丹火而青喙，名曰鸰䳩，其鸣自呼，服之不眯
05-source-07-5,05-source-07,中山经,交觞之水出于其阳，而南流注于洛；俞随之水出于其阴，而北流注于穀水
05-source-07-6,05-source-07,中山经,又西三十里，曰瞻诸之山，其阳多金，其阴多文石
05-source-07-7,05-source-07,中山经,㴬水出焉，而东南流注于洛；少水出其阴，而东流注于谷水
05-source-07-8,05-source-07,中山经,又西三十里，曰娄涿之山，无草木，多金玉
05-source-07-9,05-source-07,中山经,瞻水出于其阳，而东流注于洛；陂水出于其阴，而北流注于穀水，其中多茈石、文石
05-source-07-10,05-source-07,中山经,又西四十里，曰白石之山，惠水出于其阳，而南流注于洛，其中多水玉
05-source-07-11,05-source-07,中山经,涧水出于其阴，西北流注于穀水，其中多麋石、栌丹
05-source-07-12,05-source-07,中山经,又西五十里，曰穀山，其上多榖，其下多桑
05-source-07-13,05-source-07,中山经,爽水出焉，而西北流注于穀水，其中多碧绿
05-source-08-1,05-source-08,中山经,又西七十二里，曰密山，其阳多玉，其阴多铁
05-source-08-2,05-source-08,中山经,豪水出焉，而南流注于洛
05-source-08-3,05-source-08,中山经,其中多旋龟，其状鸟首而鳖尾，其音如判木
05-source-08-4,05-source-08,中山经,无草木
05-source-08-5,05-source-08,中山经,又西百里，曰长石之山，无草木，多金玉
05-source-08-6,05-source-08,中山经,其西有谷焉，名曰共谷，多竹
05-source-08-7,05-source-08,中山经,共水出焉，西南流注于洛，其中多鸣石
05-source-08-8,05-source-08,中山经,又西一百四十里，曰傅山，无草木，多瑶碧
05-source-08-9,05-source-08,中山经,厌染之水出于其阳，而南流注于洛，其中多人鱼
05-source-08-10,05-source-08,中山经,其西有林焉，名曰墦冢
05-source-08-11,05-source-08,中山经,穀水出焉，而东流注于洛，其中多珚玉
05-source-08-12,05-source-08,中山经,又西五十里，曰橐山，其木多樗，多𣖾木，其阳多金玉，其阴多铁，多萧
05-source-08-13,05-source-08,中山经,橐水出焉，而北流注于河
05-source-08-14,05-source-08,中山经,其中多脩辟之鱼，状如黾而白喙，其音如鸱，食之已白癣
05-source-08-15,05-source-08,中山经,又西九十里，曰常烝之山，无草木，多垩
05-source-08-16,05-source-08,中山经,潐水出焉，而东北流注于河，其中多苍玉
05-source-08-17,05-source-08,中山经,菑水出焉，而北流注于河
05-source-08-18,05-source-08,中山经,又西九十里，曰夸父之山，其木多棕楠，多竹箭，其兽多㸲牛羬羊，其鸟多赤鷩，其阳多玉，其阴多铁
05-source-08-19,05-source-08,中山经,其北有林焉，名曰桃林，是广员三百里，其中多马
05-source-08-20,05-source-08,中山经,湖水出焉，而北流注于河，其中多珚玉
05-source-09-1,05-source-09,中山经,又西九十里，曰阳华之山，其阳多金玉，其阴多青、雄黄，其草多藷藇，多苦辛，其状如橚，其实如瓜，其味酸甘，食之已疟
05-source-09-2,05-source-09,中山经,杨水出焉，而西南流注于洛，其中多人鱼
05-source-09-3,05-source-09,中山经,门水出焉，而东北流注于河，其中多玄䃤
05-source-09-4,05-source-09,中山经,𦁎姑之水出于其阴，而东流注于门水，其上多铜
05-source-09-5,05-source-09,中山经,凡缟羝山之首，自平逢之山至于阳华之山，凡十四山，七百九十里
05-source-09-6,05-source-09,中山经,岳在其中，以六月祭之，如诸岳之祠法，则天下安宁
05-source-09-7,05-source-09,中山经,中次七山苦山之首，曰休与之山，其上有石焉，名曰帝台之棋，五色而文，其状如鹑卵，帝台之石，所以祷百神者也，服之不蛊
05-source-09-8,05-source-09,中山经,有草焉，其状如蓍，赤叶而本丛生，名曰夙条，可以为簳
05-source-09-9,05-source-09,中山经,东三百里，曰鼓钟之山，帝台之所以觞百神也
05-source-09-10,05-source-09,中山经,有草焉，方茎而黄华，员叶而三成，其名曰焉酸，可以为毒
05-source-09-11,05-source-09,中山经,其上多砺，其下多砥
05-source-09-12,05-source-09,中山经,又东二百里，曰姑媱之山，帝女死焉，其名曰女尸，化为䔄草，其叶胥成，其华黄，其实如菟丘，服之媚于人
05-source-09-13,05-source-09,中山经,又东二十里，曰苦山，有兽焉，名曰山膏，其状如豚，赤若丹火，善詈
05-source-09-14,05-source-09,中山经,其上有木焉，名曰黄棘，黄华而员叶，其实如兰，服之不字
05-source-09-15,05-source-09,中山经,有草焉，员叶而无茎，赤华而不实，名曰无条，服之不瘿
05-source-10-1,05-source-10,中山经,又东二十七里，曰堵山，神天愚居之，是多怪风雨
05-source-10-2,05-source-10,中山经,其上有木焉，名曰天楄，方茎而葵状，服者不㖶
05-source-10-3,05-source-10,中山经,又东五十二里，曰放皋之山，明水出焉，南流注于伊水，其中多苍玉
05-source-10-4,05-source-10,中山经,有木焉，其叶如槐，黄华而不实，其名曰蒙木，服之不惑
05-source-10-5,05-source-10,中山经,有兽焉，其状如蜂，枝尾而反舌，善呼，其名曰文文
05-source-10-6,05-source-10,中山经,又东五十七里，曰大苦之山，多㻬琈之玉，多麋玉
05-source-10-7,05-source-10,中山经,有草焉，其叶状如榆，方茎而苍伤，其名曰牛伤，其根苍文，服者不厥，可以御兵
05-source-10-8,05-source-10,中山经,其阳狂水出焉，西南流注于伊水
05-source-10-9,05-source-10,中山经,其中多三足龟，食者无大疾，可以已肿
05-source-10-10,05-source-10,中山经,又东七十里，曰半石之山，其上有草焉，生而秀，其高丈余，赤叶赤华，华而不实，其名曰嘉荣，服之者不畏霆
05-source-10-11,05-source-10,中山经,来需之水出于其阳，而西流注于伊水，其中多鯩鱼，黑文，其状如鲋，食者不睡
05-source-10-12,05-source-10,中山经,合水出于其阴，而北流注于洛，多䲢鱼，状如鳜，居逵，苍文赤尾，食者不痈，可以为瘘
05-source-10-13,05-source-10,中山经,又东五十里，曰少室之山，百草木成囷
05-source-10-14,05-source-10,中山经,其上有木焉，其名曰帝休，叶状如杨，其枝五衢，黄华黑实，服者不怒
05-source-10-15,05-source-10,中山经,其上多玉，其下多铁
05-source-10-16,05-source-10,中山经,休水出焉，而北流注于洛，其中多䱱鱼，状如盩蜼而长距，足白而对，食者无蛊疾，可以御兵
05-source-11-1,05-source-11,中山经,又东三十里，曰泰室之山，其上有木焉，叶状如梨而赤理，其名曰栯木，服者不妒
05-source-11-2,05-source-11,中山经,有草焉，其状如𦬸，白华黑实，泽如蘡薁，其名曰䔄草，服之不眯
05-source-11-3,05-source-11,中山经,上多美石
05-source-11-4,05-source-11,中山经,又北三十里，曰讲山，其上多玉，多柘，多柏
05-source-11-5,05-source-11,中山经,有木焉，名曰帝屋，叶状如椒，反伤赤实，可以御凶
05-source-11-6,05-source-11,中山经,又北三十里，曰婴梁之山，上多苍玉，錞于玄石
05-source-11-7,05-source-11,中山经,又东三十里，曰浮戏之山，有木焉，叶状如樗而赤实，名曰亢木，食之不蛊
05-source-11-8,05-source-11,中山经,汜水出焉，而北流注于河
05-source-11-9,05-source-11,中山经,其东有谷，因名曰蛇谷，上多少辛
05-source-11-10,05-source-11,中山经,又东四十里，曰少陉之山，有草焉，名曰菵草，叶状如葵，而赤茎白华，实如蘡薁，食之不愚
05-source-11-11,05-source-11,中山经,器难之水出焉，而北流注于役水
05-source-11-12,05-source-11,中山经,又东南十里，曰太山，有草焉，名曰梨，其叶状如萩而赤华，可以已疽
05-source-11-13,05-source-11,中山经,太水出于其阳，而东南流注于役水
05-source-11-14,05-source-11,中山经,承水出于其阴，而东北流注于役水
05-source-11-15,05-source-11,中山经,又东二十里，曰末山，上多赤金
05-source-11-16,05-source-11,中山经,末水出焉，北流注于役水
05-source-11-17,05-source-11,中山经,又东二十五里，曰役山，上多白金，多铁
05-source-11-18,05-source-11,中山经,役水出焉，北流注于河
05-source-11-19,05-source-11,中山经,又东三十五里，曰敏山，上有木焉，其状如荆，白华而赤实，名曰葪柏，服者不寒
05-source-11-20,05-source-11,中山经,其阳多㻬琈之玉
05-source-11-21,05-source-11,中山经,又东三十里，曰大騩之山，其阴多铁、美玉、青垩
05-source-11-22,05-source-11,中山经,有草焉，其状如蓍而毛，青华而白实，其名曰𦴭，服之不夭，可以为腹病
05-source-11-23,05-source-11,中山经,凡苦山之首，自休与之山至于大騩之山，凡十有九山，千一百八十四里
05-source-11-24,05-source-11,中山经,其十六神者，皆豕身而人面
05-source-11-25,05-source-11,中山经,其祠：毛牷用一羊羞，婴用一藻玉瘗
05-source-11-26,05-source-11,中山经,苦山、少室、太室皆冢也，其祠之：太牢之具，婴以吉玉
05-source-11-27,05-source-11,中山经,其神状皆人面而三首，其余属皆豕身人面也
05-source-12-1,05-source-12,中山经,中次八山荆山之首，曰景山，其上多金玉，其木多杼檀
05-source-12-2,05-source-12,中山经,雎水出焉，东南流注于江，其中多丹粟，多文鱼
05-source-12-3,05-source-12,中山经,东北百里，曰荆山，其阴多铁，其阳多赤金，其中多犛牛，多豹虎，其木多松柏，其草多竹，多橘櫾
05-source-12-4,05-source-12,中山经,漳水出焉，而东南流注于雎，其中多黄金，多鲛鱼，其兽多闾麋
05-source-12-5,05-source-12,中山经,又东北百五十里，曰骄山，其上多玉，其下多青雘，其木多松柏，多桃枝钩端
05-source-12-6,05-source-12,中山经,神围处之，其状如人而羊角虎爪，恒游于雎漳之渊，出入有光
05-source-12-7,05-source-12,中山经,又东北百二十里，曰女几之山，其上多玉，其下多黄金，其兽多豹虎，多闾麋麖麂，其鸟多白鷮，多翟，多鸩
05-source-12-8,05-source-12,中山经,又东北二百里，曰宜诸之山，其上多金玉，其下多青雘
05-source-12-9,05-source-12,中山经,洈水出焉，而南流注于漳，其中多白玉
05-source-12-10,05-source-12,中山经,又东北三百五十里，曰纶山，其木多梓楠，多桃枝，多柤、栗、橘、櫾，其兽多闾、麈、麢、㚟
05-source-12-11,05-source-12,中山经,又东二百里，曰陆䣀之山，其上多㻬琈之玉，其下多垩，其木多杻橿
05-source-12-12,05-source-12,中山经,又东百三十里，曰光山，其上多碧，其下多水
05-source-12-13,05-source-12,中山经,神计蒙处之，其状人身而龙首，恒游于漳渊，出入必有飘风暴雨
05-source-12-14,05-source-12,中山经,又东百五十里，曰岐山，其阳多赤金，其阴多白珉，其上多金玉，其下多青雘，其木多樗
05-source-12-15,05-source-12,中山经,神涉处之，其状人身而方面三足
05-source-12-16,05-source-12,中山经,又东百三十里，曰铜山，其上多金、银、铁，其木多榖、柞、柤、栗、橘、櫾，其兽多犳
05-source-12-17,05-source-12,中山经,又东北一百里，曰美山，其兽多兕牛，多闾麈，多豕鹿，其上多金，其下多青雘
05-source-13-1,05-source-13,中山经,又东北百里，曰大尧之山，其木多松柏，多梓桑，多机，其草多竹，其兽多豹、虎、麢、㚟
05-source-13-2,05-source-13,中山经,又东北三百里，曰灵山，其上多金玉，其下多青雘，其木多桃、李、梅、杏
05-source-13-3,05-source-13,中山经,又东北七十里，曰龙山，上多寓木，其上多碧，其下多赤锡，其草多桃枝钩端
05-source-13-4,05-source-13,中山经,又东南五十里，曰衡山，上多寓木榖柞，多黄垩、白垩
05-source-13-5,05-source-13,中山经,又东南七十里，曰石山，其上多金，其下多青雘，多寓木
05-source-13-6,05-source-13,中山经,又南百二十里，曰若山，其上多㻬琈之玉，多赭，多封石，多寓木，多柘
05-source-13-7,05-source-13,中山经,又东南一百二十里，曰彘山，多美石，多柘
05-source-13-8,05-source-13,中山经,又东南一百五十里，曰玉山，其上多金玉，其下多碧铁，其木多柏
05-source-13-9,05-source-13,中山经,又东南七十里，曰讙山，其木多檀，多封石，多白锡
05-source-13-10,05-source-13,中山经,郁水出于其上，潜于其下，其中多砥砺
05-source-13-11,05-source-13,中山经,又东北百五十里，曰仁举之山，其木多榖柞，其阳多赤金，其阴多赭
05-source-13-12,05-source-13,中山经,又东五十里，曰师每之山，其阳多砥砺，其阴多青雘，其木多柏，多檀，多柘，其草多竹
05-source-13-13,05-source-13,中山经,又东南二百里，曰琴鼓之山，其木多榖、柞、椒、柘，其上多白珉，其下多洗石，其兽多豕鹿，多白犀，其鸟多鸩
05-source-13-14,05-source-13,中山经,凡荆山之首，自景山至琴鼓之山，凡二十三山，二千八百九十里
05-source-13-15,05-source-13,中山经,其神状皆鸟身而人面
05-source-13-16,05-source-13,中山经,其祠：用一雄鸡祈瘗，婴用一藻圭，糈用稌
05-source-13-17,05-source-13,中山经,骄山，冢也
05-source-13-18,05-source-13,中山经,其祠：用羞酒少牢祈瘗，婴用一璧
05-source-13-19,05-source-13,中山经,中次九山岷山之首，曰女几之山，其上多石涅，其木多杻橿，其草多菊
05-source-13-20,05-source-13,中山经,洛水出焉，东注于江
05-source-13-21,05-source-13,中山经,其中多雄黄，其兽多虎豹
05-source-14-1,05-source-14,中山经,又东北三百里，曰岷山，江水出焉，东北流注于海，其中多良龟，多鼍
05-source-14-2,05-source-14,中山经,其上多金玉，其下多白珉
05-source-14-3,05-source-14,中山经,其木多梅棠，其兽多犀象，多夔牛，其鸟多翰鷩
05-source-14-4,05-source-14,中山经,又东北一百四十里，曰崃山，江水出焉，东流注于大江
05-source-14-5,05-source-14,中山经,其阳多黄金，其阴多麋麈，其木多檀柘，其草多䪥韭，多药、空夺
05-source-14-6,05-source-14,中山经,又东一百五十里，曰崌山，江水出焉，东流注于大江，其中多怪蛇，多䲀鱼
05-source-14-7,05-source-14,中山经,其木多楢杻，多梅梓，其兽多夔牛、麢、㚟、犀、兕
05-source-14-8,05-source-14,中山经,有鸟焉，状如鸮而赤身白首，其名曰窃脂，可以御火
05-source-14-9,05-source-14,中山经,又东三百里，曰高梁之山，其上多垩，其下多砥砺，其木多桃枝、钩端
05-source-14-10,05-source-14,中山经,有草焉，状如葵而赤华，荚实白柎，可以走马
05-source-14-11,05-source-14,中山经,又东四百里，曰蛇山，其上多黄金，其下多垩，其木多栒，多橡章，其草多嘉荣、少辛
05-source-14-12,05-source-14,中山经,有兽焉，其状如狐，而白尾长耳，名𤜣狼，见则国内有兵
05-source-14-13,05-source-14,中山经,又东五百里，曰鬲山，其阳多金，其阴多白珉
05-source-14-14,05-source-14,中山经,蒲𪈘之水出焉，而东流注于江，其中多白玉
05-source-14-15,05-source-14,中山经,其兽多犀、象、熊、罴，多猿、蜼
05-source-14-16,05-source-14,中山经,又东北三百里，曰隅阳之山，其上多金玉，其下多青雘，其木多梓桑，其草多茈
05-source-14-17,05-source-14,中山经,徐之水出焉，东流注于江，其中多丹粟
05-source-14-18,05-source-14,中山经,又东二百五十里，曰岐山，其上多白金，其下多铁，其木多梅梓，多杻楢
05-source-14-19,05-source-14,中山经,減水出焉，东南流注于江
05-source-14-20,05-source-14,中山经,又东三百里，曰勾檷之山，其上多玉，其下多黄金，其木多栎柘，其草多芍药
05-source-14-21,05-source-14,中山经,又东一百五十里，曰风雨之山，其上多白金，其下多石涅，其木多棷椫，多杨
05-source-14-22,05-source-14,中山经,宣余之水出焉，东流注于江，其中多蛇
05-source-14-23,05-source-14,中山经,其兽多闾、麋、麈，多豹虎，其鸟多白鷮
05-source-15-1,05-source-15,中山经,又东北二百里，曰玉山，其阳多铜，其阴多赤金，其木多豫章楢杻，其兽多豕鹿麢㚟，其鸟多鸩
05-source-15-2,05-source-15,中山经,又东一百五十里，曰熊山，有穴焉，熊之穴，恒出入神人
05-source-15-3,05-source-15,中山经,夏启而冬闭，是穴也，冬启乃必有兵
05-source-15-4,05-source-15,中山经,其上多白玉，其下多白金，其木多樗柳，其草多寇脱
05-source-15-5,05-source-15,中山经,又东一百四十里，曰騩山，其阳多美玉赤金，其阴多铁，其木多桃枝、荆、芑
05-source-15-6,05-source-15,中山经,又东二百里，曰葛山，其上多赤金，其下多瑊石，其木多柤、栗、橘、櫾、楢、杻，其兽多麢㚟，其草多嘉荣
05-source-15-7,05-source-15,中山经,又东一百七十里，曰贾超之山，其阳多黄垩，其阴多美赭，其木多柤栗橘櫾，其中多龙脩
05-source-15-8,05-source-15,中山经,凡岷山之首，自女几山至于贾超之山，凡十六山，三千五百里
05-source-15-9,05-source-15,中山经,其神状皆马身而龙首
05-source-15-10,05-source-15,中山经,其祠：毛用一雄鸡瘗，糈用稌
05-source-15-11,05-source-15,中山经,文山、勾檷、风雨、騩山，是皆冢也
05-source-15-12,05-source-15,中山经,其祠之：羞酒，少牢具，婴用一吉玉
05-source-15-13,05-source-15,中山经,熊山，帝也
05-source-15-14,05-source-15,中山经,其祠：羞酒，太牢具，婴用一璧
05-source-15-15,05-source-15,中山经,干儛，用兵以禳；祈，璆冕舞
05-source-15-16,05-source-15,中山经,中次十山之首，曰首阳之山，其上多金玉，无草木
05-source-15-17,05-source-15,中山经,又西五十里，曰虎尾之山，其木多椒椐，多封石，其阳多赤金，其阴多铁
05-source-15-18,05-source-15,中山经,又西南五十里，曰繁缋之山，其木多楢杻，其草多枝勾
05-source-15-19,05-source-15,中山经,又西南二十里，曰勇石之山，无草木，多白金，多水
05-source-15-20,05-source-15,中山经,又西二十里，曰复州之山，其木多檀，其阳多黄金
05-source-15-21,05-source-15,中山经,有鸟焉，其状如鸮，而一足彘尾，其名曰跂踵，见则其国大疫
05-source-15-22,05-source-15,中山经,又西三十里，曰楮山，多寓木，多椒椐，多柘，多垩
05-source-16-1,05-source-16,中山经,又西二十里，曰又原之山，其阳多青雘，其阴多铁，其鸟多鸜鹆
05-source-16-2,05-source-16,中山经,又西五十里，曰涿山，其木多榖柞杻，其阳多㻬琈之玉
05-source-16-3,05-source-16,中山经,又西七十里，曰丙山，其木多梓檀，多弞杻
05-source-16-4,05-source-16,中山经,凡首阳山之首，自首山至于丙山，凡九山，二百六十七里
05-source-16-5,05-source-16,中山经,其神状皆龙身而人面
05-source-16-6,05-source-16,中山经,其祠之：毛用一雄鸡瘗，糈用五种之糈
05-source-16-7,05-source-16,中山经,堵山，冢也，其祠之：少牢具，羞酒祠，婴用一璧瘗
05-source-16-8,05-source-16,中山经,騩山，帝也，其祠：羞酒，太牢具，合巫祝二人儛，婴一璧
05-source-16-9,05-source-16,中山经,中次一十一山荆山之首，曰翼望之山
05-source-16-10,05-source-16,中山经,湍水出焉，东流注于济；贶水出焉，东南流注于汉，其中多蛟
05-source-16-11,05-source-16,中山经,其上多松柏，其下多漆梓，其阳多赤金，其阴多珉
05-source-16-12,05-source-16,中山经,又东北一百五十里，曰朝歌之山，潕水出焉，东南流注于荥，其中多人鱼
05-source-16-13,05-source-16,中山经,其上多梓楠，其兽多麢麋
05-source-16-14,05-source-16,中山经,有草焉，名曰莽草，可以毒鱼
05-source-16-15,05-source-16,中山经,又东南二百里，曰帝囷之山，其阳多㻬琈之玉，其阴多铁
05-source-16-16,05-source-16,中山经,帝囷之水出于其上，潜于其下，多鸣蛇
05-source-16-17,05-source-16,中山经,又东南五十里，曰视山，其上多韭
05-source-16-18,05-source-16,中山经,有井焉，名曰天井，夏有水，冬竭
05-source-16-19,05-source-16,中山经,其上多桑，多美垩金玉
05-source-16-20,05-source-16,中山经,又东南二百里，曰前山，其木多槠，多柏，其阳多金，其阴多赭
05-source-16-21,05-source-16,中山经,又东南三百里，曰丰山，有兽焉，其状如蝯，赤目、赤喙、黄身，名曰雍和，见则国有大恐
05-source-16-22,05-source-16,中山经,神耕父处之，常游清泠之渊，出入有光，见则其国为败
05-source-16-23,05-source-16,中山经,有九钟焉，是和霜鸣
05-source-16-24,05-source-16,中山经,其上多金，其下多榖柞杻橿
05-source-17-1,05-source-17,中山经,又东北八百里，曰兔床之山，其阳多铁，其木多槠芧，其草多鸡谷，其本如鸡卵，其味酸甘，食者利于人
05-source-17-2,05-source-17,中山经,又东六十里，曰皮山，多垩，多赭，其木多松柏
05-source-17-3,05-source-17,中山经,又东六十里，曰瑶碧之山，其木多梓楠，其阴多青雘，其阳多白金
05-source-17-4,05-source-17,中山经,有鸟焉，其状如雉，恒食蜚，名曰鸩
05-source-17-5,05-source-17,中山经,又东四十里，曰攻离之山，淯水出焉，南流注于汉
05-source-17-6,05-source-17,中山经,有鸟焉，其名曰婴勺，其状如鹊，赤目、赤喙、白身，其尾若勺，其鸣自呼
05-source-17-7,05-source-17,中山经,多㸲牛，多羬羊
05-source-17-8,05-source-17,中山经,又东北五十里，曰祑𥮐之山，其上多松柏机桓
05-source-17-9,05-source-17,中山经,又西北一百里，曰堇理之山，其上多松柏，多美梓，其阴多丹雘，多金，其兽多豹虎
05-source-17-10,05-source-17,中山经,有鸟焉，其状如鹊，青身白喙，白目白尾，名曰青耕，可以御疫，其鸣自叫
05-source-17-11,05-source-17,中山经,又东南三十里，曰依轱之山，其上多杻橿，多苴
05-source-17-12,05-source-17,中山经,有兽焉，其状如犬，虎爪有甲，其名曰獜，善駚𤘝，食者不风
05-source-17-13,05-source-17,中山经,又东南三十五里，曰即谷之山，多美玉，多玄豹，多闾麈，多麢㚟
05-source-17-14,05-source-17,中山经,其阳多珉，其阴多青雘
05-source-17-15,05-source-17,中山经,又东南四十里，曰鸡山，其上多美梓，多桑，其草多韭
05-source-17-16,05-source-17,中山经,又东南五十里，曰高前之山，其上有水焉，甚寒而清，帝台之浆也，饮之者不心痛
05-source-17-17,05-source-17,中山经,其上有金，其下有赭
05-source-17-18,05-source-17,中山经,又东南三十里，曰游戏之山，多杻、橿、榖，多玉，多封石
05-source-18-1,05-source-18,中山经,又东南三十五里，曰从山，其上多松柏，其下多竹
05-source-18-2,05-source-18,中山经,从水出于其上，潜于其下，其中多三足鳖，枝尾，食之无蛊疾
05-source-18-3,05-source-18,中山经,又东南三十里，曰婴䃌之山，其上多松柏，其下多梓櫄
05-source-18-4,05-source-18,中山经,又东南三十里，曰毕山，帝苑之水出焉，东北流注于瀙，其中多水玉，多蛟
05-source-18-5,05-source-18,中山经,其上多㻬琈之玉
05-source-18-6,05-source-18,中山经,又东南二十里，曰乐马之山，有兽焉，其状如彙，赤如丹火，其名曰䰤离，见则其国大疫
05-source-18-7,05-source-18,中山经,又东南二十五里，曰葴山，瀙水出焉，东南流注于汝水，其中多人鱼，多蛟，多颉
05-source-18-8,05-source-18,中山经,又东四十里，曰婴山，其下多青雘，其上多金玉
05-source-18-9,05-source-18,中山经,又东三十里，曰虎首之山，多苴椆椐
05-source-18-10,05-source-18,中山经,又东二十里，曰婴侯之山，其上多封石，其下多赤锡
05-source-18-11,05-source-18,中山经,又东五十里，曰大孰之山，杀水出焉，东北流注于瀙水，其中多白垩
05-source-18-12,05-source-18,中山经,又东四十里，曰卑山，其上多桃李苴梓，多纍
05-source-18-13,05-source-18,中山经,又东三十里，曰倚帝之山，其上多玉，其下多金
05-source-18-14,05-source-18,中山经,有兽焉，状如鼣鼠，白耳白喙，名曰狙如，见则其国有大兵
05-source-18-15,05-source-18,中山经,又东三十里，曰鲵山，鲵水出于其上，潜于其下，其中多美垩
05-source-18-16,05-source-18,中山经,其上多金，其下多青雘
05-source-18-17,05-source-18,中山经,又东三十里，曰雅山，澧水出焉，东流注于瀙水，其中多大鱼
05-source-18-18,05-source-18,中山经,其上多美桑，其下多苴，多赤金
05-source-18-19,05-source-18,中山经,又东五十五里，曰宣山，沦水出焉，东南流注于瀙水，其中多蛟
05-source-18-20,05-source-18,中山经,其上有桑焉，大五十尺，其枝四衢，其叶大尺余，赤理黄华青柎，名曰帝女之桑
05-source-18-21,05-source-18,中山经,又东四十五里，曰衡山，其上多青雘，多桑，其鸟多鸜鹆
05-source-18-22,05-source-18,中山经,又东四十里，曰丰山，其上多封石，其木多桑，多羊桃，状如桃而方茎，可以为皮张
05-source-18-23,05-source-18,中山经,又东七十里，曰妪山，其上多美玉，其下多金，其草多鸡谷
05-source-19-1,05-source-19,中山经,又东三十里，曰鲜山，其木多楢、杻、苴，其草多𧄸冬，其阳多金，其阴多铁
05-source-19-2,05-source-19,中山经,有兽焉，其状如膜犬，赤喙、赤目、白尾，见则其邑有火，名曰𤝻即
05-source-19-3,05-source-19,中山经,又东三十里，曰皋山，其阳多金，其阴多美石
05-source-19-4,05-source-19,中山经,皋水出焉，东流注于澧水，其中多脃石
05-source-19-5,05-source-19,中山经,又东二十五里，曰大支之山，其阳多金，其木多榖柞，无草
05-source-19-6,05-source-19,中山经,又东五十里，曰区吴之山，其木多苴
05-source-19-7,05-source-19,中山经,又东五十里，曰声匈之山，其木多榖，多玉，上多封石
05-source-19-8,05-source-19,中山经,又东五十里，曰大騩之山，其阳多赤金，其阴多砥石
05-source-19-9,05-source-19,中山经,又东十里，曰踵臼之山，无草木
05-source-19-10,05-source-19,中山经,又东北七十里，曰历石之山，其木多荆芑，其阳多黄金，其阴多砥石
05-source-19-11,05-source-19,中山经,有兽焉，其状如狸，而白首虎爪，名曰梁渠，见则其国有大兵
05-source-19-12,05-source-19,中山经,又东南一百里，曰求山，求水出于其上，潜于其下，中有美赭
05-source-19-13,05-source-19,中山经,其木多苴，多䉋
05-source-19-14,05-source-19,中山经,其阳多金，其阴多铁
05-source-19-15,05-source-19,中山经,又东二百里，曰丑阳之山，其上多椆椐
05-source-19-16,05-source-19,中山经,有鸟焉，其状如乌而赤足，名曰䳅鵌，可以御火
05-source-19-17,05-source-19,中山经,又东三百里，曰奥山，其上多柏杻橿，其阳多㻬琈之玉
05-source-19-18,05-source-19,中山经,奥水出焉，东流注于瀙水
05-source-19-19,05-source-19,中山经,又东三十五里，曰服山，其木多苴，其上多封石，其下多赤锡
05-source-19-20,05-source-19,中山经,又东三百里，曰杳山，其上多嘉荣草，多金玉
05-source-19-21,05-source-19,中山经,又东三百五十里，曰凡山，其木多楢檀杻，其草多香
05-source-19-22,05-source-19,中山经,有兽焉，其状如彘，黄身、白头、白尾，名曰闻𧲂，见则天下大风
05-source-19-23,05-source-19,中山经,凡荆山之首，自翼望之山至于凡山，凡四十八山，三千七百三十二里
05-source-19-24,05-source-19,中山经,其神状皆彘身人首
05-source-19-25,05-source-19,中山经,其祠：毛用一雄鸡祈，瘗用一珪，糈用五种之精
05-source-19-26,05-source-19,中山经,禾山，帝也
05-source-19-27,05-source-19,中山经,其祠：太牢之具，羞瘗，倒毛，用一璧
05-source-19-28,05-source-19,中山经,牛无常
05-source-19-29,05-source-19,中山经,堵山、玉山，冢也，皆倒祠，羞用少牢，婴用吉玉
05-source-20-1,05-source-20,中山经,中次十二山洞庭山之首，曰篇遇之山，无草木，多黄金
05-source-20-2,05-source-20,中山经,又东南五十里，曰云山，无草木，有桂竹，甚毒，伤人必死
05-source-20-3,05-source-20,中山经,其上多黄金，其下多㻬琈之玉
05-source-20-4,05-source-20,中山经,又东南一百三十里，曰龟山，其木多榖柞椆椐，其上多黄金，其下多青、雄黄，多扶竹
05-source-20-5,05-source-20,中山经,又东七十里，曰丙山，多筀竹，多黄金铜铁，无木
05-source-20-6,05-source-20,中山经,又东南五十里，曰风伯之山，其上多金玉，其下多痠石、文石，多铁，其木多柳、杻、檀、楮
05-source-20-7,05-source-20,中山经,其东有林焉，曰莽浮之林，多美木鸟兽
05-source-20-8,05-source-20,中山经,又东一百五十里，曰夫夫之山，其上多黄金，其下多青、雄黄，其木多桑楮，其草多竹、鸡鼓
05-source-20-9,05-source-20,中山经,神于兒居之，其状人身而手操两蛇，常游于江渊，出入有光
05-source-20-10,05-source-20,中山经,又东南一百二十里，曰洞庭之山，其上多黄金，其下多银铁，其木多柤、梨、橘、櫾，其草多葌、蘪芜、芍药、芎藭
05-source-20-11,05-source-20,中山经,帝之二女居之，是常游于江渊
05-source-20-12,05-source-20,中山经,澧沅之风，交潇湘之渊，是在九江之间，出入必以飘风暴雨
05-source-20-13,05-source-20,中山经,是多怪神，状如人而载蛇，左右手操蛇
05-source-20-14,05-source-20,中山经,多怪鸟
05-source-20-15,05-source-20,中山经,又东南一百八十里，曰暴山，其木多棕、楠、荆、芑、竹、箭、䉋、箘，其上多黄金、玉，其下多文石、铁，其兽多麋鹿𪊨，就
05-source-20-16,05-source-20,中山经,又东南二百里，曰即公之山，其上多黄金，其下多㻬琈之玉，其木多柳、杻、檀、桑
05-source-20-17,05-source-20,中山经,有兽焉，其状如龟，而白身赤首，名曰蛫，是可以御火
05-source-20-18,05-source-20,中山经,又东南一百五十九里，有尧山，其阴多黄垩，其阳多黄金，其木多荆、芑、柳、檀，其草多藷藇、𦬸
05-source-20-19,05-source-20,中山经,又东南一百里，曰江浮之山，其上多银、砥砺，无草木，其兽多豕鹿
05-source-21-1,05-source-21,中山经,又东二百里，曰真陵之山，其上多黄金，其下多玉，其木多榖、柞、柳、杻，其草多荣草
05-source-21-2,05-source-21,中山经,又东南一百二十里，曰阳帝之山，多美铜，其木多橿、杻、檿、楮，其兽多麢、麝
05-source-21-3,05-source-21,中山经,又南九十里，曰柴桑之山，其上多银，其下多碧，多汵石、赭，其木多柳芑楮桑，其兽多麋鹿，多白蛇、飞蛇
05-source-21-4,05-source-21,中山经,又东二百三十里，曰荣余之山，其上多铜，其下多银，其木多柳芑，其虫多怪蛇、怪虫
05-source-21-5,05-source-21,中山经,凡洞庭山之首，自篇遇之山至于荣余之山，凡十五山，二千八百里
05-source-21-6,05-source-21,中山经,其神状皆鸟身而龙首
05-source-21-7,05-source-21,中山经,其祠：毛用一雄鸡、一牝豚刏，糈用稌
05-source-21-8,05-source-21,中山经,凡夫夫之山、即公之山、尧山、阳帝之山，皆冢也，其祠：皆肆瘗，祈用酒，毛用少牢，婴用一吉玉
05-source-21-9,05-source-21,中山经,洞庭、荣余山，神也，其祠：皆肆瘗，祈酒太牢祠，婴用圭璧十五，五采惠之
05-source-21-10,05-source-21,中山经,右中经之山，大凡百九十七山，二万一千三百七十一里
05-source-21-11,05-source-21,中山经,大凡天下名山五千三百七十，居地，大凡六万四千五十六里
05-source-21-12,05-source-21,中山经,禹曰：天下名山，经五千三百七十山，六万四千五十六里，居地也
05-source-21-13,05-source-21,中山经,言其《五臧》，盖其余小山甚众，不足记云
05-source-21-14,05-source-21,中山经,天地之东西二万八千里，南北二万六千里，出水者八千里，受水者八千里，出铜之山四百六十七，出铁之山三千六百九十
05-source-21-15,05-source-21,中山经,此天地之所分壤树谷也，戈矛之所发也，刀铩之所起也，能者有余，拙者不足
05-source-21-16,05-source-21,中山经,封于太山，禅于梁父，七十二家，得失之数，皆在此内，是谓国用
05-source-21-17,05-source-21,中山经,右《五臧山经》五篇，大凡一万五千五百三字
06-source-01-1,06-source-01,海外南经,地之所载，六合之间，四海之内，照之以日月，经之以星辰，纪之以四时，要之以太岁
06-source-01-2,06-source-01,海外南经,神灵所生，其物异形，或夭或寿，唯圣人能通其道
06-source-01-3,06-source-01,海外南经,海外自西南陬至东南陬者
06-source-01-4,06-source-01,海外南经,结匈国在其西南，其为人结匈
06-source-01-5,06-source-01,海外南经,南山在其东南
06-source-01-6,06-source-01,海外南经,自此山来，虫为蛇，蛇号为鱼
06-source-01-7,06-source-01,海外南经,一曰南山在结匈东南
06-source-01-8,06-source-01,海外南经,比翼鸟在其东，其为鸟青、赤，两鸟比翼
06-source-01-9,06-source-01,海外南经,一曰在南山东
06-source-01-10,06-source-01,海外南经,羽民国在其东南，其为人长头，身生羽
06-source-01-11,06-source-01,海外南经,一曰在比翼鸟东南，其为人长颊
06-source-02-1,06-source-02,海外南经,有神人二八，连臂，为帝司夜于此野
06-source-02-2,06-source-02,海外南经,在羽民东
06-source-02-3,06-source-02,海外南经,其为人小颊赤肩
06-source-02-4,06-source-02,海外南经,毕方鸟在其东，青水西，其为鸟一脚
06-source-02-5,06-source-02,海外南经,一曰在二八神东
06-source-02-6,06-source-02,海外南经,讙头国在其南，其为人人面有翼，鸟喙，方捕鱼
06-source-02-7,06-source-02,海外南经,一曰在毕方东
06-source-02-8,06-source-02,海外南经,或曰讙朱国
06-source-02-9,06-source-02,海外南经,厌火国在其国南，兽身黑色，火出其口中
06-source-02-10,06-source-02,海外南经,一曰在讙朱东
06-source-02-11,06-source-02,海外南经,三珠树在厌火北，生赤水上，其为树如柏，叶皆为珠
06-source-02-12,06-source-02,海外南经,一曰其为树若彗
06-source-02-13,06-source-02,海外南经,三苗国在赤水东，其为人相随
06-source-02-14,06-source-02,海外南经,一曰三毛国
06-source-02-15,06-source-02,海外南经,臷国在其东，其为人黄，能操弓射蛇
06-source-02-16,06-source-02,海外南经,一曰臷国在三毛东
06-source-03-1,06-source-03,海外南经,贯匈国在其东，其为人匈有窍
06-source-03-2,06-source-03,海外南经,一曰在臷国东
06-source-03-3,06-source-03,海外南经,交胫国在其东，其为人交胫
06-source-03-4,06-source-03,海外南经,一曰在穿匈东
06-source-03-5,06-source-03,海外南经,不死民在其东，其为人黑色，寿，不死
06-source-03-6,06-source-03,海外南经,一曰在穿匈国东
06-source-03-7,06-source-03,海外南经,反舌国在其东，其为人反舌
06-source-03-8,06-source-03,海外南经,一曰支舌国，在不死民东
06-source-03-9,06-source-03,海外南经,昆仑虚在其东，虚四方
06-source-03-10,06-source-03,海外南经,一曰在反舌东，为虚四方
06-source-03-11,06-source-03,海外南经,羿与凿齿战于寿华之野，羿射杀之
06-source-03-12,06-source-03,海外南经,在昆仑虚东
06-source-03-13,06-source-03,海外南经,羿持弓矢，凿齿持盾
06-source-03-14,06-source-03,海外南经,一曰持戈
06-source-04-1,06-source-04,海外南经,三首国在其东，其为人一身三首
06-source-04-2,06-source-04,海外南经,一曰在凿齿东
06-source-04-3,06-source-04,海外南经,周饶国在其东，其为人短小，冠带
06-source-04-4,06-source-04,海外南经,一曰焦侥国在三首东
06-source-04-5,06-source-04,海外南经,长臂国在其东，捕鱼水中，两手各操一鱼
06-source-04-6,06-source-04,海外南经,一曰在焦侥东，捕鱼海中
06-source-04-7,06-source-04,海外南经,狄山，帝尧葬于阳，帝喾葬于阴
06-source-04-8,06-source-04,海外南经,爰有熊、罴、文虎、蜼、豹、离朱、视肉
06-source-04-9,06-source-04,海外南经,吁咽、文王皆葬其所
06-source-04-10,06-source-04,海外南经,一曰汤山
06-source-04-11,06-source-04,海外南经,一曰爰有熊、罴、文虎、蜼、豹、离朱、𩿨久、视肉、虖交
06-source-04-12,06-source-04,海外南经,有范林方三百里
06-source-04-13,06-source-04,海外南经,南方祝融，兽身人面，乘两龙
07-source-01-1,07-source-01,海外西经,海外自西南陬至西北陬者
07-source-01-2,07-source-01,海外西经,灭蒙鸟在结匈国北，为鸟青，赤尾
07-source-01-3,07-source-01,海外西经,大运山高三百仞，在灭蒙鸟北
07-source-01-4,07-source-01,海外西经,大乐之野，夏后启于此儛《九代》，乘两龙，云盖三层
07-source-01-5,07-source-01,海外西经,左手操翳，右手操环，佩玉璜
07-source-01-6,07-source-01,海外西经,在大运山北
07-source-01-7,07-source-01,海外西经,一曰大遗之野
07-source-02-1,07-source-02,海外西经,三身国在夏后启北，一首而三身
07-source-02-2,07-source-02,海外西经,一臂国在其北，一臂、一目、一鼻孔
07-source-02-3,07-source-02,海外西经,有黄马虎文，一目而一手奇肱之国在其北，其人一臂三目，有阴有阳，乘文马
07-source-02-4,07-source-02,海外西经,有鸟焉，两头，赤黄色，在其旁
07-source-02-5,07-source-02,海外西经,刑天与帝争神，帝断其首，葬之常羊之山
07-source-02-6,07-source-02,海外西经,乃以乳为目，以脐为口，操干戚以舞
07-source-02-7,07-source-02,海外西经,女祭、女戚在其北，居两水间
07-source-02-8,07-source-02,海外西经,戚操鱼觛，祭操俎
07-source-03-1,07-source-03,海外西经,䳐鸟、𪆻鸟，其色青黄，所经国亡
07-source-03-2,07-source-03,海外西经,在女祭北
07-source-03-3,07-source-03,海外西经,䳐鸟人面，居山上
07-source-03-4,07-source-03,海外西经,一曰维鸟，青鸟、黄鸟所集
07-source-03-5,07-source-03,海外西经,丈夫国在维鸟北，其为人衣冠带剑
07-source-03-6,07-source-03,海外西经,女丑之尸，生而十日炙杀之
07-source-03-7,07-source-03,海外西经,在丈夫北
07-source-03-8,07-source-03,海外西经,以右手鄣其面
07-source-03-9,07-source-03,海外西经,十日居上，女丑居山之上
07-source-03-10,07-source-03,海外西经,巫咸国在女丑北，右手操青蛇，左手操赤蛇
07-source-03-11,07-source-03,海外西经,在登葆山，群巫所从上下也
07-source-04-1,07-source-04,海外西经,并封在巫咸东，其状如彘，前后皆有首，黑
07-source-04-2,07-source-04,海外西经,女子国在巫咸北，两女子居，水周之
07-source-04-3,07-source-04,海外西经,一曰居一门中
07-source-04-4,07-source-04,海外西经,轩辕之国在此穷山之际，其不寿者八百岁
07-source-04-5,07-source-04,海外西经,在女子国北，人面蛇身，尾交首上
07-source-04-6,07-source-04,海外西经,穷山在其北，不敢西射，畏轩辕之丘
07-source-04-7,07-source-04,海外西经,在轩辕国北，其丘方，四蛇相绕
07-source-04-8,07-source-04,海外西经,诸沃之野，沃民是处，鸾鸟自歌，凤鸟自舞
07-source-04-9,07-source-04,海外西经,凤皇卵，民食之；甘露，民饮之，所欲自从也
07-source-04-10,07-source-04,海外西经,百兽相与群居
07-source-04-11,07-source-04,海外西经,在四蛇北
07-source-04-12,07-source-04,海外西经,其人两手操卵食之，两鸟居前导之
07-source-05-1,07-source-05,海外西经,龙鱼陵居在其北，状如鲤
07-source-05-2,07-source-05,海外西经,一曰鰕
07-source-05-3,07-source-05,海外西经,即有神圣乘此以行九野
07-source-05-4,07-source-05,海外西经,一曰鳖鱼在沃野北，其为鱼也如鲤
07-source-05-5,07-source-05,海外西经,白民之国在龙鱼北，白身被发
07-source-05-6,07-source-05,海外西经,有乘黄，其状如狐，其背上有角，乘之寿二千岁
07-source-06-1,07-source-06,海外西经,肃慎之国在白民北
07-source-06-2,07-source-06,海外西经,有树名曰雄常，先入伐帝，于此取之
07-source-06-3,07-source-06,海外西经,长股之国在雒棠北，被发
07-source-06-4,07-source-06,海外西经,一曰长脚
07-source-06-5,07-source-06,海外西经,西方蓐收，左耳有蛇，乘两龙
08-source-01-1,08-source-01,海外北经,海外自西北陬至东北陬者
08-source-01-2,08-source-01,海外北经,无启之国在长股东，为人无启
08-source-01-3,08-source-01,海外北经,锺山之神，名曰烛阴，视为昼，瞑为夜，吹为冬，呼为夏，不饮，不食，不息，息为风，身长千里
08-source-01-4,08-source-01,海外北经,在无启之东
08-source-01-5,08-source-01,海外北经,其为物，人面，蛇身，赤色，居锺山下
08-source-01-6,08-source-01,海外北经,一目国在其东，一目中其面而居
08-source-01-7,08-source-01,海外北经,一曰有手足
08-source-01-8,08-source-01,海外北经,柔利国在一目东，为人一手一足，反厀，曲足居上
08-source-01-9,08-source-01,海外北经,一云留利之国，人足反折
08-source-02-1,08-source-02,海外北经,共工之臣曰相柳氏，九首，以食于九山
08-source-02-2,08-source-02,海外北经,相柳之所抵，厥为泽谿
08-source-02-3,08-source-02,海外北经,禹杀相柳，其血腥，不可以树五谷种
08-source-02-4,08-source-02,海外北经,禹厥之，三仞三沮，乃以为众帝之台
08-source-02-5,08-source-02,海外北经,在昆仑之北，柔利之东
08-source-02-6,08-source-02,海外北经,相柳者，九首人面，蛇身而青
08-source-02-7,08-source-02,海外北经,不敢北射，畏共工之台
08-source-02-8,08-source-02,海外北经,台在其东
08-source-02-9,08-source-02,海外北经,台四方，隅有一蛇，虎色，首冲南方
08-source-02-10,08-source-02,海外北经,深目国在其东，为人深目，举一手
08-source-02-11,08-source-02,海外北经,一曰在共工台东
08-source-02-12,08-source-02,海外北经,无肠之国在深目东，其为人长而无肠
08-source-02-13,08-source-02,海外北经,聂耳之国在无肠国东，使两文虎，为人两手聂其耳
08-source-02-14,08-source-02,海外北经,县居海水中，及水所出入奇物
08-source-02-15,08-source-02,海外北经,两虎在其东
08-source-03-1,08-source-03,海外北经,夸父与日逐走，入日
08-source-03-2,08-source-03,海外北经,渴欲得饮，饮于河渭，河渭不足，北饮大泽
08-source-03-3,08-source-03,海外北经,未至，道渴而死
08-source-03-4,08-source-03,海外北经,弃其杖，化为邓林
08-source-03-5,08-source-03,海外北经,夸父国在聂耳东，其为人大，右手操青蛇，左手操黄蛇
08-source-03-6,08-source-03,海外北经,邓林在其东，二树木
08-source-03-7,08-source-03,海外北经,一曰博父
08-source-03-8,08-source-03,海外北经,禹所积石之山在其东，河水所入
08-source-03-9,08-source-03,海外北经,拘瘿之国在其东，一手把瘿
08-source-03-10,08-source-03,海外北经,一曰利瘿之国
08-source-04-1,08-source-04,海外北经,寻木长千里，在拘瘿南，生河上西北
08-source-04-2,08-source-04,海外北经,跂踵国在拘瘿东，其为人两足皆支
08-source-04-3,08-source-04,海外北经,一曰反踵
08-source-04-4,08-source-04,海外北经,欧丝之野在反踵东，一女子跪据树欧丝
08-source-04-5,08-source-04,海外北经,三桑无枝，在欧丝东，其木长百仞，无枝
08-source-04-6,08-source-04,海外北经,范林方三百里，在三桑东，洲环其下
08-source-05-1,08-source-05,海外北经,务隅之山，帝颛顼葬于阳，九嫔葬于阴
08-source-05-2,08-source-05,海外北经,一曰爰有熊、罴、文虎、离朱、𩿨久、视肉
08-source-05-3,08-source-05,海外北经,平丘在三桑东，爰有遗玉、青马、视肉、杨柳、甘柤、甘华，百果所生
08-source-05-4,08-source-05,海外北经,在两山夹上谷，二大丘居中，名曰平丘
08-source-05-5,08-source-05,海外北经,北海内有兽，其状如马，名曰騊駼
08-source-05-6,08-source-05,海外北经,有兽焉，其名曰駮，状如白马，锯牙，食虎豹
08-source-05-7,08-source-05,海外北经,有素兽焉，状如马，名曰蛩蛩
08-source-05-8,08-source-05,海外北经,有青兽焉，状如虎，名曰罗罗
08-source-05-9,08-source-05,海外北经,北方禺彊，人面鸟身，珥两青蛇，践两青蛇
09-source-01-1,09-source-01,海外东经,海外自东南陬至东北陬者
09-source-01-2,09-source-01,海外东经,𨲠丘，爰有遗玉、青马、视肉、杨桃、甘柤、甘华，百果所生
09-source-01-3,09-source-01,海外东经,在东海，两山夹丘，上有树木
09-source-01-4,09-source-01,海外东经,一曰嗟丘
09-source-01-5,09-source-01,海外东经,一曰百果所在，在尧葬东
09-source-01-6,09-source-01,海外东经,大人国在其北，为人大，坐而削船
09-source-01-7,09-source-01,海外东经,一曰在𨲠丘北
09-source-01-8,09-source-01,海外东经,奢比之尸在其北，兽身、人面、大耳，珥两青蛇
09-source-01-9,09-source-01,海外东经,一曰肝榆之尸在大人北
09-source-01-10,09-source-01,海外东经,君子国在其北，衣冠带剑，食兽，使二文虎在旁，其人好让不争
09-source-01-11,09-source-01,海外东经,有薰华草，朝生夕死
09-source-01-12,09-source-01,海外东经,一曰在肝榆之尸北
09-source-02-1,09-source-02,海外东经,虹虹在其北，各有两首
09-source-02-2,09-source-02,海外东经,一曰在君子国北
09-source-02-3,09-source-02,海外东经,朝阳之谷，神曰天吴，是为水伯
09-source-02-4,09-source-02,海外东经,在虹虹北两水间
09-source-02-5,09-source-02,海外东经,其为兽也，八首人面，八足八尾，背青黄
09-source-02-6,09-source-02,海外东经,青丘国在其北，其人食五谷，衣丝帛
09-source-02-7,09-source-02,海外东经,其狐四足九尾
09-source-02-8,09-source-02,海外东经,一曰在朝阳北
09-source-02-9,09-source-02,海外东经,帝命竖亥步，自东极至于西极，五亿十选九千八百步
09-source-02-10,09-source-02,海外东经,竖亥右手把算，左手指青丘北
09-source-02-11,09-source-02,海外东经,一曰禹令竖亥
09-source-02-12,09-source-02,海外东经,一曰五亿十万九千八百步
09-source-03-1,09-source-03,海外东经,黑齿国在其北，为人黑齿，食稻啖蛇，一赤一青，在其旁
09-source-03-2,09-source-03,海外东经,一曰在竖亥北，为人黑齿，食稻使蛇，其一蛇赤
09-source-03-3,09-source-03,海外东经,下有汤谷
09-source-03-4,09-source-03,海外东经,汤谷上有扶桑，十日所浴，在黑齿北
09-source-03-5,09-source-03,海外东经,居水中，有大木，九日居下枝，一日居上枝
09-source-03-6,09-source-03,海外东经,雨师妾国在其北，其为人黑，两手各操一蛇，左耳有青蛇，右耳有赤蛇
09-source-03-7,09-source-03,海外东经,一曰在十日北，为人黑身人面，各操一龟
09-source-03-8,09-source-03,海外东经,玄股之国在其北，其为人股黑，衣鱼食䳼，两鸟夹之
09-source-03-9,09-source-03,海外东经,一曰在雨师妾国北
09-source-04-1,09-source-04,海外东经,毛民之国在其北，为人身生毛
09-source-04-2,09-source-04,海外东经,一曰在玄股北
09-source-04-3,09-source-04,海外东经,劳民国在其北，其为人黑，食果草实也
09-source-04-4,09-source-04,海外东经,有一鸟两头
09-source-04-5,09-source-04,海外东经,或曰教民
09-source-04-6,09-source-04,海外东经,一曰在毛民北，为人面目手足尽黑
09-source-04-7,09-source-04,海外东经,东方句芒，鸟身人面，乘两龙
10-source-01-1,10-source-01,海内南经,海内东南陬以西者
10-source-01-2,10-source-01,海内南经,瓯居海中
10-source-01-3,10-source-01,海内南经,闽在海中，其西北有山
10-source-01-4,10-source-01,海内南经,一曰闽中山在海中
10-source-01-5,10-source-01,海内南经,三天子鄣山在闽西海北
10-source-01-6,10-source-01,海内南经,一曰在海中
10-source-01-7,10-source-01,海内南经,桂林八树在番隅东
10-source-01-8,10-source-01,海内南经,伯虑国、离耳国、雕题国、北朐国皆在郁水南
10-source-01-9,10-source-01,海内南经,郁水出湘陵南山
10-source-01-10,10-source-01,海内南经,一曰相虑
10-source-02-1,10-source-02,海内南经,枭阳国在北朐之西
10-source-02-2,10-source-02,海内南经,其为人人面长唇，黑身有毛，反踵，见人则笑，左手操管
10-source-02-3,10-source-02,海内南经,兕在舜葬东，湘水南，其状如牛，苍黑，一角
10-source-02-4,10-source-02,海内南经,苍梧之山，帝舜葬于阳，帝丹朱葬于阴
10-source-02-5,10-source-02,海内南经,氾林方三百里，在狌狌东
10-source-02-6,10-source-02,海内南经,狌狌知人名，其为兽如豕而人面，在舜葬西
10-source-03-1,10-source-03,海内南经,狌狌西北有犀牛，其状如牛而黑
10-source-03-2,10-source-03,海内南经,夏后启之臣曰孟涂，是司神于巴，巴人讼于孟涂之所，其衣有血者乃执之，是请生
10-source-03-3,10-source-03,海内南经,居山上，在丹山西
10-source-03-4,10-source-03,海内南经,窫窳居弱水中，在狌狌之西，其状如貙，龙首，食人
10-source-03-5,10-source-03,海内南经,有木，其状如牛，引之有皮，若缨、黄蛇
10-source-03-6,10-source-03,海内南经,其叶如罗，其实如栾，其木若蓲，其名曰建木
10-source-03-7,10-source-03,海内南经,在窫窳西弱水上
10-source-04-1,10-source-04,海内南经,氐人国在建木西，其为人人面而鱼身，无足
10-source-04-2,10-source-04,海内南经,巴蛇食象，三岁而出其骨，君子服之，无心腹之疾
10-source-04-3,10-source-04,海内南经,其为蛇青黄赤黑
10-source-04-4,10-source-04,海内南经,一曰黑蛇青首，在犀牛西
10-source-04-5,10-source-04,海内南经,旄马，其状如马，四节有毛
10-source-04-6,10-source-04,海内南经,在巴蛇西北，高山南
11-source-01-1,11-source-01,海内西经,海内西南陬以北者
11-source-01-2,11-source-01,海内西经,后稷之葬，山水环之
11-source-01-3,11-source-01,海内西经,在氐国西
11-source-01-4,11-source-01,海内西经,流黄酆氏之国，中方三百里，有涂四方，中有山
11-source-01-5,11-source-01,海内西经,在后稷葬西
11-source-01-6,11-source-01,海内西经,流沙出锺山，西行又南行昆仑之虚，西南入海，黑水之山
11-source-01-7,11-source-01,海内西经,国在流沙中者埻端、玺㬇，在昆仑虚东南
11-source-01-8,11-source-01,海内西经,一曰海内之郡，不为郡县，在流沙中
11-source-02-1,11-source-02,海内西经,国在流沙外者，大夏、竖沙、居繇、月支之国
11-source-02-2,11-source-02,海内西经,西胡白玉山在大夏东，苍梧在白玉山西南，皆在流沙西，昆仑虚东南
11-source-02-3,11-source-02,海内西经,昆仑山在西胡西
11-source-02-4,11-source-02,海内西经,皆在西北
11-source-02-5,11-source-02,海内西经,海内昆仑之虚，在西北，帝之下都
11-source-02-6,11-source-02,海内西经,昆仑之虚，方八百里，高万仞
11-source-02-7,11-source-02,海内西经,上有木禾，长五寻，大五围
11-source-02-8,11-source-02,海内西经,面有九井，以玉为槛
11-source-02-9,11-source-02,海内西经,面有九门，门有开明兽守之，百神之所在
11-source-02-10,11-source-02,海内西经,在八隅之岩，赤水之际，非仁羿莫能上冈之岩
11-source-03-1,11-source-03,海内西经,赤水出东南隅，以行其东北，西南流注南海厌火东
11-source-03-2,11-source-03,海内西经,河水出东北隅，以行其北，西南又入渤海，又出海外，即西而北，入禹所导积石山
11-source-03-3,11-source-03,海内西经,洋水、黑水出西北隅，以东，东行，又东北，南入海，羽民南
11-source-03-4,11-source-03,海内西经,弱水、青水出西南隅，以东，又北，又西南，过毕方鸟东
11-source-03-5,11-source-03,海内西经,昆仑南渊深三百仞
11-source-03-6,11-source-03,海内西经,开明兽身大类虎而九首，皆人面，东向立昆仑上
11-source-04-1,11-source-04,海内西经,开明西有凤皇、鸾鸟，皆戴蛇践蛇，膺有赤蛇
11-source-04-2,11-source-04,海内西经,开明北有视肉、珠树、文玉树、玗琪树、不死树
11-source-04-3,11-source-04,海内西经,凤皇、鸾鸟皆戴瞂
11-source-04-4,11-source-04,海内西经,又有离朱、木禾、柏树、甘水、圣木曼兑，一曰挺木牙交
11-source-04-5,11-source-04,海内西经,开明东有巫彭、巫抵、巫阳、巫履、巫凡、巫相，夹窫窳之尸，皆操不死之药以距之
11-source-04-6,11-source-04,海内西经,窫窳者，蛇身人面，贰负臣所杀也
11-source-04-7,11-source-04,海内西经,服常树，其上有三头人，伺琅玕树
11-source-05-1,11-source-05,海内西经,开明南有树鸟，六首；蛟、蝮、蛇、蜼、豹、鸟秩树，于表池树木；诵鸟、鶽、视肉
11-source-05-2,11-source-05,海内西经,蛇巫之山，上有人操柸而东乡立
11-source-05-3,11-source-05,海内西经,一曰龟山
11-source-05-4,11-source-05,海内西经,西王母梯几而戴胜
11-source-05-5,11-source-05,海内西经,其南有三青鸟，为西王母取食
11-source-05-6,11-source-05,海内西经,在昆仑虚北
12-source-01-1,12-source-01,海内北经,海内西北陬以东者
12-source-01-2,12-source-01,海内北经,匈奴、开题之国、列人之国并在西北
12-source-01-3,12-source-01,海内北经,贰负之臣曰危，危与贰负杀窫窳，帝乃梏之疏属之山，桎其右足，反缚两手，系之山上木
12-source-01-4,12-source-01,海内北经,在开题西北
12-source-01-5,12-source-01,海内北经,有人曰大行伯，把戈
12-source-01-6,12-source-01,海内北经,其东有犬封国
12-source-01-7,12-source-01,海内北经,贰负之尸在大行伯东
12-source-01-8,12-source-01,海内北经,犬封国曰犬戎国，状如犬
12-source-01-9,12-source-01,海内北经,有一女子，方跪进杯食
12-source-01-10,12-source-01,海内北经,有文马，缟身朱鬣，目若黄金，名曰吉量，乘之寿千岁
12-source-02-1,12-source-02,海内北经,鬼国在贰负之尸北，为物人面而一目
12-source-02-2,12-source-02,海内北经,一曰贰负神在其东，为物人面蛇身
12-source-02-3,12-source-02,海内北经,蜪犬如犬，青，食人从首始
12-source-02-4,12-source-02,海内北经,穷奇状如虎，有翼，食人从首始，所食被发
12-source-02-5,12-source-02,海内北经,在蜪犬北
12-source-02-6,12-source-02,海内北经,一曰从足
12-source-02-7,12-source-02,海内北经,帝尧台、帝喾台、帝丹朱台、帝舜台，各二台，台四方，在昆仑东北
12-source-02-8,12-source-02,海内北经,大蜂，其状如螽；朱蛾，其状如蛾
12-source-03-1,12-source-03,海内北经,蟜，其为人虎文，胫有启
12-source-03-2,12-source-03,海内北经,在穷奇东
12-source-03-3,12-source-03,海内北经,一曰状如人，昆仑虚北所有
12-source-03-4,12-source-03,海内北经,阘非，人面而兽身，青色
12-source-03-5,12-source-03,海内北经,据比之尸，其为人折颈被发，无一手
12-source-03-6,12-source-03,海内北经,环狗，其为人兽首人身
12-source-03-7,12-source-03,海内北经,一曰蝟状如狗，黄色
12-source-03-8,12-source-03,海内北经,祙，其为物人身、黑首、从目
12-source-04-1,12-source-04,海内北经,戎，其为人人首三角
12-source-04-2,12-source-04,海内北经,林氏国有珍兽，大若虎，五采毕具，尾长于身，名曰驺吾，乘之日行千里
12-source-04-3,12-source-04,海内北经,昆仑虚南所，有氾林方三百里
12-source-04-4,12-source-04,海内北经,从极之渊，深三百仞，维冰夷恒都焉
12-source-04-5,12-source-04,海内北经,冰夷人面，乘两龙
12-source-04-6,12-source-04,海内北经,一曰忠极之渊
12-source-04-7,12-source-04,海内北经,阳汙之山，河出其中
12-source-04-8,12-source-04,海内北经,凌门之山，河出其中
12-source-05-1,12-source-05,海内北经,王子夜之尸，两手、两股、胸、首、齿，皆断异处
12-source-05-2,12-source-05,海内北经,大泽方百里，群鸟所生及所解
12-source-05-3,12-source-05,海内北经,在雁门北
12-source-05-4,12-source-05,海内北经,雁门山，雁出其间
12-source-05-5,12-source-05,海内北经,在高柳北
12-source-05-6,12-source-05,海内北经,高柳在代北
12-source-05-7,12-source-05,海内北经,舜妻登比氏生宵明、烛光，处河大泽，二女之灵能照此所方百里
12-source-05-8,12-source-05,海内北经,一曰登北氏
12-source-05-9,12-source-05,海内北经,东胡在大泽东
12-source-06-1,12-source-06,海内北经,夷人在东胡东
12-source-06-2,12-source-06,海内北经,貊国在汉水东北
12-source-06-3,12-source-06,海内北经,地近于燕，灭之
12-source-06-4,12-source-06,海内北经,孟鸟在貊国东北
12-source-06-5,12-source-06,海内北经,其鸟文赤、黄、青，东乡
13-source-01-1,13-source-01,海内东经,海内东北陬以南者
13-source-01-2,13-source-01,海内东经,钜燕在东北陬
13-source-01-3,13-source-01,海内东经,盖国在钜燕南，倭北
13-source-01-4,13-source-01,海内东经,倭属燕
13-source-01-5,13-source-01,海内东经,朝鲜在列阳东，海北山南
13-source-01-6,13-source-01,海内东经,列阳属燕
13-source-01-7,13-source-01,海内东经,列姑射在海河州中
13-source-01-8,13-source-01,海内东经,姑射国在海中，属列姑射
13-source-01-9,13-source-01,海内东经,西南，山环之
13-source-01-10,13-source-01,海内东经,大蟹在海中
13-source-02-1,13-source-02,海内东经,陵鱼人面，手足，鱼身，在海中
13-source-02-2,13-source-02,海内东经,大鯾居海中
13-source-02-3,13-source-02,海内东经,明组邑居海中
13-source-02-4,13-source-02,海内东经,蓬莱山在海中
13-source-02-5,13-source-02,海内东经,大人之市在海中
13-source-03-1,13-source-03,海内东经,琅邪台在渤海间，琅邪之东
13-source-03-2,13-source-03,海内东经,其北有山
13-source-03-3,13-source-03,海内东经,一曰在海间
13-source-03-4,13-source-03,海内东经,都州在海中
13-source-03-5,13-source-03,海内东经,一曰郁州
13-source-03-6,13-source-03,海内东经,韩雁在海中，都州南
13-source-03-7,13-source-03,海内东经,始鸠在海中，韩雁南
13-source-03-8,13-source-03,海内东经,雷泽中有雷神，龙身而人头，鼓其腹
13-source-03-9,13-source-03,海内东经,在吴西
13-source-03-10,13-source-03,海内东经,会稽山在大楚南
14-source-01-1,14-source-01,大荒东经,东海之外大壑，少昊之国
14-source-01-2,14-source-01,大荒东经,少昊孺帝颛顼于此，弃其琴瑟
14-source-01-3,14-source-01,大荒东经,有甘山者，甘水出焉，生甘渊
14-source-01-4,14-source-01,大荒东经,东南海之外，甘水之间，有羲和之国
14-source-01-5,14-source-01,大荒东经,有女子名曰羲和，方浴日于甘渊
14-source-01-6,14-source-01,大荒东经,羲和者，帝俊之妻，是生十日
14-source-01-7,14-source-01,大荒东经,大荒东南隅有山，名皮母地丘
14-source-01-8,14-source-01,大荒东经,东海之外，大荒之中，有山名曰大言，日月所出
14-source-01-9,14-source-01,大荒东经,有波谷山者，有大人之国
14-source-01-10,14-source-01,大荒东经,有大人之市，名曰大人之堂
14-source-01-11,14-source-01,大荒东经,有一大人踆其上，张其两臂
14-source-02-1,14-source-02,大荒东经,有小人国，名靖人
14-source-02-2,14-source-02,大荒东经,有神，人面兽身，名曰梨䰱之尸
14-source-02-3,14-source-02,大荒东经,有潏山，杨水出焉
14-source-02-4,14-source-02,大荒东经,有蒍国，黍食，使四鸟：虎、豹、熊、罴
14-source-02-5,14-source-02,大荒东经,大荒之中，有山名曰合虚，日月所出
14-source-02-6,14-source-02,大荒东经,有中容之国
14-source-02-7,14-source-02,大荒东经,帝俊生中容，中容人食兽、木实，使四鸟：豹、虎、熊、罴
14-source-02-8,14-source-02,大荒东经,有东口之山
14-source-02-9,14-source-02,大荒东经,有君子之国，其人衣冠带剑
14-source-02-10,14-source-02,大荒东经,有司幽之国
14-source-02-11,14-source-02,大荒东经,帝俊生晏龙，晏龙生司幽，司幽生思士，不妻；思女，不夫
14-source-02-12,14-source-02,大荒东经,食黍，食兽，是使四鸟
14-source-02-13,14-source-02,大荒东经,有大阿之山者
14-source-02-14,14-source-02,大荒东经,大荒之中，有山名曰明星，日月所出
14-source-03-1,14-source-03,大荒东经,有白民之国
14-source-03-2,14-source-03,大荒东经,帝俊生帝鸿，帝鸿生白民，白民销姓，黍食，使四鸟：虎、豹、熊、罴
14-source-03-3,14-source-03,大荒东经,有青丘之国
14-source-03-4,14-source-03,大荒东经,有狐，九尾
14-source-03-5,14-source-03,大荒东经,有柔仆民，是维嬴土之国
14-source-03-6,14-source-03,大荒东经,有黑齿之国
14-source-03-7,14-source-03,大荒东经,帝俊生黑齿，姜姓，黍食，使四鸟
14-source-03-8,14-source-03,大荒东经,有夏州之国
14-source-03-9,14-source-03,大荒东经,有盖余之国
14-source-03-10,14-source-03,大荒东经,有神人，八首人面，虎身十尾，名曰天吴
14-source-03-11,14-source-03,大荒东经,大荒之中，有山名曰鞠陵于天、东极、离瞀，日月所出
14-source-03-12,14-source-03,大荒东经,有神名曰折丹——东方曰折，来风曰俊——处东极以出入风
14-source-03-13,14-source-03,大荒东经,东海之渚中，有神，人面鸟身，珥两黄蛇，践两黄蛇，名曰禺䝞
14-source-03-14,14-source-03,大荒东经,黄帝生禺䝞，禺䝞生禺京
14-source-03-15,14-source-03,大荒东经,禺京处北海，禺䝞处东海，是为海神
14-source-04-1,14-source-04,大荒东经,有招摇山，融水出焉
14-source-04-2,14-source-04,大荒东经,有国曰玄股，黍食，使四鸟
14-source-04-3,14-source-04,大荒东经,有因民国，勾姓，黍食
14-source-04-4,14-source-04,大荒东经,有人曰王亥，两手操鸟，方食其头
14-source-04-5,14-source-04,大荒东经,王亥托于有易、河伯仆牛
14-source-04-6,14-source-04,大荒东经,有易杀王亥，取仆牛
14-source-04-7,14-source-04,大荒东经,河伯念有易，有易潜出，为国于兽
14-source-04-8,14-source-04,大荒东经,方食之，名曰摇民
14-source-04-9,14-source-04,大荒东经,帝舜生戏，戏生摇民
14-source-04-10,14-source-04,大荒东经,海内有两人，名曰女丑
14-source-04-11,14-source-04,大荒东经,女丑有大蟹
14-source-04-12,14-source-04,大荒东经,大荒之中，有山名曰孽摇頵羝
14-source-04-13,14-source-04,大荒东经,上有扶木，柱三百里，其叶如芥
14-source-04-14,14-source-04,大荒东经,有谷曰温源谷
14-source-04-15,14-source-04,大荒东经,汤谷上有扶木，一日方至，一日方出，皆载于乌
14-source-05-1,14-source-05,大荒东经,有神，人面、犬耳、兽身，珥两青蛇，名曰奢比尸
14-source-05-2,14-source-05,大荒东经,有五采之鸟，相乡弃沙
14-source-05-3,14-source-05,大荒东经,惟帝俊下友
14-source-05-4,14-source-05,大荒东经,帝下两坛，采鸟是司
14-source-05-5,14-source-05,大荒东经,大荒之中，有山名曰猗天苏门，日月所生
14-source-05-6,14-source-05,大荒东经,有壎民之国
14-source-05-7,14-source-05,大荒东经,有綦山
14-source-05-8,14-source-05,大荒东经,又有摇山
14-source-05-9,14-source-05,大荒东经,有䰝山
14-source-05-10,14-source-05,大荒东经,又有门户山
14-source-05-11,14-source-05,大荒东经,又有盛山
14-source-05-12,14-source-05,大荒东经,又有待山
14-source-05-13,14-source-05,大荒东经,有五采之鸟
14-source-06-1,14-source-06,大荒东经,东荒之中，有山名曰壑明俊疾，日月所出
14-source-06-2,14-source-06,大荒东经,有中容之国
14-source-06-3,14-source-06,大荒东经,东北海外，又有三青马、三骓、甘华
14-source-06-4,14-source-06,大荒东经,爰有遗玉、三青鸟、三骓、视肉、甘华、甘柤
14-source-06-5,14-source-06,大荒东经,百谷所在
14-source-06-6,14-source-06,大荒东经,有女和月母之国
14-source-06-7,14-source-06,大荒东经,有人名曰鹓——北方曰鹓，来风曰𤟇——是处东北隅以止日月，使无相间出没，司其短长
14-source-06-8,14-source-06,大荒东经,大荒东北隅中，有山名曰凶犁土丘
14-source-06-9,14-source-06,大荒东经,应龙处南极，杀蚩尤与夸父，不得复上
14-source-06-10,14-source-06,大荒东经,故下数旱
14-source-06-11,14-source-06,大荒东经,旱而为应龙之状，乃得大雨
14-source-06-12,14-source-06,大荒东经,东海中有流波山，入海七千里
14-source-06-13,14-source-06,大荒东经,其上有兽，状如牛，苍身而无角，一足，出入水则必风雨，其光如日月，其声如雷，其名曰夔
14-source-06-14,14-source-06,大荒东经,黄帝得之，以其皮为鼓，橛以雷兽之骨，声闻五百里，以威天下
15-source-01-1,15-source-01,大荒南经,南海之外，赤水之西，流沙之东，有兽，左右有首，名曰䟣踢
15-source-01-2,15-source-01,大荒南经,有三青兽相并，名曰双双
15-source-01-3,15-source-01,大荒南经,有阿山者
15-source-01-4,15-source-01,大荒南经,南海之中，有氾天之山，赤水穷焉
15-source-01-5,15-source-01,大荒南经,赤水之东，有苍梧之野，舜与叔均之所葬也
15-source-01-6,15-source-01,大荒南经,爰有文贝、离俞、𩿨久、鹰、贾、委维、熊、罴、象、虎、豹、狼、视肉
15-source-01-7,15-source-01,大荒南经,有荣山，荣水出焉
15-source-01-8,15-source-01,大荒南经,黑水之南，有玄蛇，食麈
15-source-01-9,15-source-01,大荒南经,有巫山者，西有黄鸟
15-source-01-10,15-source-01,大荒南经,帝药，八斋
15-source-01-11,15-source-01,大荒南经,黄鸟于巫山，司此玄蛇
15-source-02-1,15-source-02,大荒南经,大荒之中，有不庭之山，荣水穷焉
15-source-02-2,15-source-02,大荒南经,有人三身
15-source-02-3,15-source-02,大荒南经,帝俊妻娥皇，生此三身之国
15-source-02-4,15-source-02,大荒南经,姚姓，黍食，使四鸟
15-source-02-5,15-source-02,大荒南经,有渊四方，四隅皆达，北属黑水，南属大荒
15-source-02-6,15-source-02,大荒南经,北旁名曰少和之渊，南旁名曰从渊，舜之所浴也
15-source-02-7,15-source-02,大荒南经,又有成山，甘水穷焉
15-source-02-8,15-source-02,大荒南经,有季禺之国，颛顼之子，食黍
15-source-02-9,15-source-02,大荒南经,有羽民之国，其民皆生毛羽
15-source-02-10,15-source-02,大荒南经,有卵民之国，其民皆生卵
15-source-02-11,15-source-02,大荒南经,大荒之中，有不姜之山，黑水穷焉
15-source-02-12,15-source-02,大荒南经,又有贾山，汔水出焉
15-source-02-13,15-source-02,大荒南经,又有言山
15-source-02-14,15-source-02,大荒南经,又有登备之山
15-source-02-15,15-source-02,大荒南经,有恝恝之山
15-source-02-16,15-source-02,大荒南经,又有蒲山，澧水出焉
15-source-02-17,15-source-02,大荒南经,又有隗山，其西有丹，其东有玉
15-source-02-18,15-source-02,大荒南经,又南有山，漂水出焉
15-source-02-19,15-source-02,大荒南经,有尾山
15-source-02-20,15-source-02,大荒南经,有翠山
15-source-03-1,15-source-03,大荒南经,有盈民之国，於姓，黍食
15-source-03-2,15-source-03,大荒南经,又有人方食木叶
15-source-03-3,15-source-03,大荒南经,有不死之国，阿姓，甘木是食
15-source-03-4,15-source-03,大荒南经,大荒之中，有山名曰去痓
15-source-03-5,15-source-03,大荒南经,南极果，北不成，去痓果
15-source-03-6,15-source-03,大荒南经,南海渚中，有神，人面，珥两青蛇，践两赤蛇，曰不廷胡余
15-source-03-7,15-source-03,大荒南经,有神名曰因因乎——南方曰因乎，来风曰乎民——处南极以出入风
15-source-03-8,15-source-03,大荒南经,有襄山
15-source-03-9,15-source-03,大荒南经,又有重阴之山
15-source-03-10,15-source-03,大荒南经,有人食兽，曰季釐
15-source-03-11,15-source-03,大荒南经,帝俊生季釐，故曰季釐之国
15-source-03-12,15-source-03,大荒南经,有缗渊
15-source-03-13,15-source-03,大荒南经,少昊生倍伐，倍伐降处缗渊
15-source-03-14,15-source-03,大荒南经,有水四方，名曰俊坛
15-source-04-1,15-source-04,大荒南经,有臷民之国
15-source-04-2,15-source-04,大荒南经,帝舜生无淫，降臷处，是谓巫臷民
15-source-04-3,15-source-04,大荒南经,巫臷民朌姓，食谷，不绩不经，服也；不稼不穑，食也
15-source-04-4,15-source-04,大荒南经,爰有歌舞之鸟，鸾鸟自歌，凤鸟自舞
15-source-04-5,15-source-04,大荒南经,爰有百兽，相群爰处
15-source-04-6,15-source-04,大荒南经,百谷所聚
15-source-04-7,15-source-04,大荒南经,大荒之中，有山名曰融天，海水南入焉
15-source-04-8,15-source-04,大荒南经,有人曰凿齿，羿杀之
15-source-04-9,15-source-04,大荒南经,有蜮山者，有蜮民之国，桑姓，食黍，射蜮是食
15-source-04-10,15-source-04,大荒南经,有人方扜弓射黄蛇，名曰蜮人
15-source-05-1,15-source-05,大荒南经,有宋山者，有赤蛇，名曰育蛇
15-source-05-2,15-source-05,大荒南经,有木生山上，名曰枫木
15-source-05-3,15-source-05,大荒南经,枫木，蚩尤所弃其桎梏，是为枫木
15-source-05-4,15-source-05,大荒南经,有人方齿虎尾，名曰祖状之尸
15-source-05-5,15-source-05,大荒南经,有小人，名曰焦侥之国，幾姓，嘉谷是食
15-source-05-6,15-source-05,大荒南经,大荒之中，有山名㱙涂之山，青水穷焉
15-source-05-7,15-source-05,大荒南经,有云雨之山，有木名曰栾
15-source-05-8,15-source-05,大荒南经,禹攻云雨，有赤石焉生栾，黄本，赤枝，青叶，群帝焉取药
15-source-06-1,15-source-06,大荒南经,有国曰伯服，颛顼生伯服，食黍
15-source-06-2,15-source-06,大荒南经,有鼬姓之国
15-source-06-3,15-source-06,大荒南经,有苕山
15-source-06-4,15-source-06,大荒南经,又有宗山
15-source-06-5,15-source-06,大荒南经,又有姓山
15-source-06-6,15-source-06,大荒南经,又有壑山
15-source-06-7,15-source-06,大荒南经,又有陈州山
15-source-06-8,15-source-06,大荒南经,又有东州山
15-source-06-9,15-source-06,大荒南经,又有白水山，白水出焉，而生白渊，昆吾之师所浴也
15-source-06-10,15-source-06,大荒南经,有人曰张弘，在海上捕鱼
15-source-06-11,15-source-06,大荒南经,海中有张弘之国，食鱼，使四鸟
15-source-06-12,15-source-06,大荒南经,有人焉，鸟喙，有翼，方捕鱼于海
15-source-06-13,15-source-06,大荒南经,大荒之中，有人名曰驩头
15-source-06-14,15-source-06,大荒南经,鲧妻士敬，士敬子曰炎融，生驩头
15-source-06-15,15-source-06,大荒南经,驩头人面鸟喙，有翼，食海中鱼，杖翼而行
15-source-06-16,15-source-06,大荒南经,维宜芑苣，穋杨是食
15-source-06-17,15-source-06,大荒南经,有驩头之国
15-source-06-18,15-source-06,大荒南经,帝尧、帝喾、帝舜葬于岳山
15-source-06-19,15-source-06,大荒南经,爰有文贝、离俞、久、鹰、贾、延维、视肉、熊、罴、虎、豹；朱木，赤枝、青华、玄实
15-source-06-20,15-source-06,大荒南经,有申山者
15-source-07-1,15-source-07,大荒南经,大荒之中，有山名曰天台，海水南入焉
15-source-07-2,15-source-07,大荒南经,有盖犹之山者，其上有甘柤，枝干皆赤，黄叶，白华，黑实
15-source-07-3,15-source-07,大荒南经,东又有甘华，枝干皆赤，黄叶
15-source-07-4,15-source-07,大荒南经,有青马
15-source-07-5,15-source-07,大荒南经,有赤马，名曰三骓
15-source-07-6,15-source-07,大荒南经,有视肉
15-source-07-7,15-source-07,大荒南经,有小人，名曰菌人
15-source-07-8,15-source-07,大荒南经,有南类之山
15-source-07-9,15-source-07,大荒南经,爰有遗玉、青马、三骓、视肉、甘华，百谷所在
16-source-01-1,16-source-01,大荒西经,西北海之外，大荒之隅，有山而不合，名曰不周，有两黄兽守之
16-source-01-2,16-source-01,大荒西经,有水曰寒暑之水
16-source-01-3,16-source-01,大荒西经,水西有湿山，水东有幕山
16-source-01-4,16-source-01,大荒西经,有禹攻共工国山
16-source-01-5,16-source-01,大荒西经,有国名曰淑士，颛顼之子
16-source-01-6,16-source-01,大荒西经,有神十人，名曰女娲之肠，化为神，处栗广之野，横道而处
16-source-01-7,16-source-01,大荒西经,有人名曰石夷——西方曰夷，来风曰韦——处西北隅以司日月之长短
16-source-01-8,16-source-01,大荒西经,有五采之鸟，有冠，名曰狂鸟
16-source-01-9,16-source-01,大荒西经,有大泽之长山
16-source-01-10,16-source-01,大荒西经,有白民之国
16-source-01-11,16-source-01,大荒西经,西北海之外，赤水之东，有长胫之国
16-source-01-12,16-source-01,大荒西经,有西周之国，姬姓，食谷
16-source-01-13,16-source-01,大荒西经,有人方耕，名曰叔均
16-source-01-14,16-source-01,大荒西经,帝俊生后稷，稷降以百谷
16-source-01-15,16-source-01,大荒西经,稷之弟曰台玺，生叔均
16-source-01-16,16-source-01,大荒西经,叔均是代其父及稷播百谷，始作耕
16-source-01-17,16-source-01,大荒西经,有赤国妻氏
16-source-01-18,16-source-01,大荒西经,有双山
16-source-02-1,16-source-02,大荒西经,西海之外，大荒之中，有方山者，上有青树，名曰柜格之松，日月所出入也
16-source-02-2,16-source-02,大荒西经,西北海之外，赤水之西，有天民之国，食谷，使四鸟
16-source-02-3,16-source-02,大荒西经,有北狄之国
16-source-02-4,16-source-02,大荒西经,黄帝之孙曰始均，始均生北狄
16-source-02-5,16-source-02,大荒西经,有芒山
16-source-02-6,16-source-02,大荒西经,有桂山
16-source-02-7,16-source-02,大荒西经,有榣山
16-source-02-8,16-source-02,大荒西经,其上有人，号曰太子长琴
16-source-02-9,16-source-02,大荒西经,颛顼生老童，老童生祝融，祝融生太子长琴，是处榣山，始作乐风
16-source-02-10,16-source-02,大荒西经,有五采鸟三名：一曰皇鸟，一曰鸾鸟，一曰凤鸟
16-source-02-11,16-source-02,大荒西经,有虫状如菟，胸以后者裸不见，青如猨状
16-source-02-12,16-source-02,大荒西经,大荒之中，有山名曰丰沮玉门，日月所入
16-source-02-13,16-source-02,大荒西经,有灵山，巫咸、巫即、巫朌、巫彭、巫姑、巫真、巫礼、巫抵、巫谢、巫罗十巫，从此升降，百药爰在
16-source-02-14,16-source-02,大荒西经,有西王母之山、壑山、海山
16-source-02-15,16-source-02,大荒西经,有沃民之国，沃民是处
16-source-02-16,16-source-02,大荒西经,沃之野，凤鸟之卵是食，甘露是饮
16-source-02-17,16-source-02,大荒西经,凡其所欲，其味尽存
16-source-02-18,16-source-02,大荒西经,爰有甘华、甘柤、白柳、视肉、三骓、璇瑰、瑶碧、白木、琅玕、白丹、青丹，多银、铁
16-source-02-19,16-source-02,大荒西经,鸾鸟自歌，凤鸟自舞，爰有百兽，相群是处，是谓沃之野
16-source-03-1,16-source-03,大荒西经,有三青鸟，赤首黑目，一名曰大鵹，一名少鵹，一名曰青鸟
16-source-03-2,16-source-03,大荒西经,有轩辕之台，射者不敢西乡，畏轩辕之台
16-source-03-3,16-source-03,大荒西经,大荒之中，有龙山，日月所入
16-source-03-4,16-source-03,大荒西经,有三泽水，名曰三淖，昆吾之所食也
16-source-03-5,16-source-03,大荒西经,有人衣青，以袂蔽面，名曰女丑之尸
16-source-03-6,16-source-03,大荒西经,有女子之国
16-source-03-7,16-source-03,大荒西经,有桃山
16-source-03-8,16-source-03,大荒西经,有䖟山
16-source-03-9,16-source-03,大荒西经,有桂山
16-source-03-10,16-source-03,大荒西经,有于土山
16-source-03-11,16-source-03,大荒西经,有丈夫之国
16-source-03-12,16-source-03,大荒西经,有弇州之山，五采之鸟仰天，名曰鸣鸟
16-source-03-13,16-source-03,大荒西经,爰有百乐歌儛之风
16-source-04-1,16-source-04,大荒西经,有轩辕之国
16-source-04-2,16-source-04,大荒西经,江山之南栖为吉，不寿者乃八百岁
16-source-04-3,16-source-04,大荒西经,西海陼中，有神，人面鸟身，珥两青蛇，践两赤蛇，名曰弇兹
16-source-04-4,16-source-04,大荒西经,大荒之中，有山名曰日月山，天枢也
16-source-04-5,16-source-04,大荒西经,吴姖天门，日月所入
16-source-04-6,16-source-04,大荒西经,有神，人面无臂，两足反属于头上，名曰嘘
16-source-04-7,16-source-04,大荒西经,颛顼生老童，老童生重及黎，帝令重献上天，令黎印下地，下地是生噎，处于西极，以行日月星辰之行次
16-source-04-8,16-source-04,大荒西经,有人反臂，名曰天虞
16-source-04-9,16-source-04,大荒西经,有女子方浴月
16-source-04-10,16-source-04,大荒西经,帝俊妻常羲，生月十有二，此始浴之
16-source-04-11,16-source-04,大荒西经,有玄丹之山
16-source-04-12,16-source-04,大荒西经,有五色之鸟，人面有发
16-source-04-13,16-source-04,大荒西经,爰有青鳼、黄鷔，青鸟、黄鸟，其所集者其国亡
16-source-05-1,16-source-05,大荒西经,有池，名孟翼之攻颛顼之池
16-source-05-2,16-source-05,大荒西经,大荒之中，有山名曰鏖鏊钜，日月所入者
16-source-05-3,16-source-05,大荒西经,有兽，左右有首，名曰屏蓬
16-source-05-4,16-source-05,大荒西经,有巫山者
16-source-05-5,16-source-05,大荒西经,有壑山者
16-source-05-6,16-source-05,大荒西经,有金门之山，有人名曰黄姖之尸
16-source-05-7,16-source-05,大荒西经,有比翼之鸟
16-source-05-8,16-source-05,大荒西经,有白鸟，青翼、黄尾、玄喙
16-source-05-9,16-source-05,大荒西经,有赤犬，名曰天犬，其所下者有兵
16-source-05-10,16-source-05,大荒西经,西海之南，流沙之滨，赤水之后，黑水之前，有大山，名曰昆仑之丘
16-source-05-11,16-source-05,大荒西经,有神——人面虎身，有文有尾，皆白——处之
16-source-05-12,16-source-05,大荒西经,其下有弱水之渊环之，其外有炎火之山，投物辄然
16-source-05-13,16-source-05,大荒西经,有人戴胜，虎齿，有豹尾，穴处，名曰西王母
16-source-05-14,16-source-05,大荒西经,此山万物尽有
16-source-06-1,16-source-06,大荒西经,大荒之中，有山名曰常阳之山，日月所入
16-source-06-2,16-source-06,大荒西经,有寒荒之国
16-source-06-3,16-source-06,大荒西经,有二人女祭、女薎
16-source-06-4,16-source-06,大荒西经,有寿麻之国
16-source-06-5,16-source-06,大荒西经,南岳娶州山女，名曰女虔
16-source-06-6,16-source-06,大荒西经,女虔生季格，季格生寿麻
16-source-06-7,16-source-06,大荒西经,寿麻正立无景，疾呼无响
16-source-06-8,16-source-06,大荒西经,爰有大暑，不可以往
16-source-06-9,16-source-06,大荒西经,有人无首，操戈盾立，名曰夏耕之尸
16-source-06-10,16-source-06,大荒西经,故成汤伐夏桀于章山，克之，斩耕厥前
16-source-06-11,16-source-06,大荒西经,耕既立，无首，𧺆厥咎，乃降于巫山
16-source-06-12,16-source-06,大荒西经,有人名曰吴回，奇左，是无右臂
16-source-06-13,16-source-06,大荒西经,有盖山之国
16-source-06-14,16-source-06,大荒西经,有树，赤皮支干，青叶，名曰朱木
16-source-06-15,16-source-06,大荒西经,有一臂民
16-source-06-16,16-source-06,大荒西经,大荒之中，有山名曰大荒之山，日月所入
16-source-06-17,16-source-06,大荒西经,有人焉三面，是颛顼之子，三面一臂，三面之人不死，是谓大荒之野
16-source-07-1,16-source-07,大荒西经,西南海之外，赤水之南，流沙之西，有人珥两青蛇，乘两龙，名曰夏后开
16-source-07-2,16-source-07,大荒西经,开上三嫔于天，得《九辩》与《九歌》以下
16-source-07-3,16-source-07,大荒西经,此天穆之野，高二千仞，开焉得始歌《九招》
16-source-07-4,16-source-07,大荒西经,有氐人之国
16-source-07-5,16-source-07,大荒西经,炎帝之孙名曰灵恝，灵恝生氐人，是能上下于天
16-source-07-6,16-source-07,大荒西经,有鱼偏枯，名曰鱼妇，颛顼死即复苏
16-source-07-7,16-source-07,大荒西经,风道北来，天乃大水泉，蛇乃化为鱼，是为鱼妇
16-source-07-8,16-source-07,大荒西经,颛顼死即复苏
16-source-07-9,16-source-07,大荒西经,有青鸟，身黄，赤足，六首，名曰𪇆鸟
16-source-07-10,16-source-07,大荒西经,有大巫山
16-source-07-11,16-source-07,大荒西经,有金之山
16-source-07-12,16-source-07,大荒西经,西南，大荒之隅，有偏句、常羊之山
17-source-01-1,17-source-01,大荒北经,东北海之外，大荒之中，河水之间，附禺之山，帝颛顼与九嫔葬焉
17-source-01-2,17-source-01,大荒北经,爰有久、文贝、离俞、鸾鸟、凤鸟、大物、小物
17-source-01-3,17-source-01,大荒北经,有青鸟、琅鸟、玄鸟、黄鸟、虎、豹、熊、罴、黄蛇、视肉、璿、瑰、瑶、碧，皆出卫丘山
17-source-01-4,17-source-01,大荒北经,丘方员三百里，丘南帝俊竹林在焉，大可为舟
17-source-01-5,17-source-01,大荒北经,竹南有赤泽水，名曰封渊
17-source-01-6,17-source-01,大荒北经,有三桑无枝，皆高百仞
17-source-01-7,17-source-01,大荒北经,丘西有沈渊，颛顼所浴
17-source-01-8,17-source-01,大荒北经,有胡不与之国，烈姓，黍食
17-source-01-9,17-source-01,大荒北经,大荒之中，有山，名曰不咸
17-source-01-10,17-source-01,大荒北经,有肃慎氏之国
17-source-01-11,17-source-01,大荒北经,有蜚蛭，四翼
17-source-01-12,17-source-01,大荒北经,有虫，兽首蛇身，名曰琴虫
17-source-01-13,17-source-01,大荒北经,有人名曰大人
17-source-01-14,17-source-01,大荒北经,有大人之国，釐姓，黍食
17-source-01-15,17-source-01,大荒北经,有大青蛇，黄头，食麈
17-source-02-1,17-source-02,大荒北经,有榆山
17-source-02-2,17-source-02,大荒北经,有鲧攻程州之山
17-source-02-3,17-source-02,大荒北经,大荒之中，有山名曰衡天
17-source-02-4,17-source-02,大荒北经,有先民之山
17-source-02-5,17-source-02,大荒北经,有槃木千里
17-source-02-6,17-source-02,大荒北经,有叔歜国，颛顼之子，黍食，使四鸟：虎、豹、熊、罴
17-source-02-7,17-source-02,大荒北经,有黑虫如熊状，名曰猎猎
17-source-02-8,17-source-02,大荒北经,有北齐之国，姜姓，使虎、豹、熊、罴
17-source-02-9,17-source-02,大荒北经,大荒之中，有山名曰先槛大逢之山，河济所入，海北注焉
17-source-02-10,17-source-02,大荒北经,其西有山，名曰禹所积石
17-source-02-11,17-source-02,大荒北经,有阳山者
17-source-02-12,17-source-02,大荒北经,有顺山者，顺水出焉
17-source-02-13,17-source-02,大荒北经,有始州之国，有丹山
17-source-03-1,17-source-03,大荒北经,有大泽方千里，群鸟所解
17-source-03-2,17-source-03,大荒北经,有毛民之国，依姓，食黍，使四鸟
17-source-03-3,17-source-03,大荒北经,禹生均国，均国生役采，役采生修鞈，修鞈杀绰人
17-source-03-4,17-source-03,大荒北经,帝念之，潜为之国，是此毛民
17-source-03-5,17-source-03,大荒北经,有儋耳之国，任姓，禺号子，食谷
17-source-03-6,17-source-03,大荒北经,北海之渚中，有神，人面鸟身，珥两青蛇，践两赤蛇，名曰禺彊
17-source-03-7,17-source-03,大荒北经,大荒之中，有山名曰北极天柜，海水北注焉
17-source-03-8,17-source-03,大荒北经,有神，九首人面鸟身，名曰九凤
17-source-03-9,17-source-03,大荒北经,又有神，衔蛇操蛇，其状虎首人身，四蹄长肘，名曰彊良
17-source-04-1,17-source-04,大荒北经,大荒之中，有山名曰成都载天
17-source-04-2,17-source-04,大荒北经,有人珥两黄蛇，把两黄蛇，名曰夸父
17-source-04-3,17-source-04,大荒北经,后土生信，信生夸父
17-source-04-4,17-source-04,大荒北经,夸父不量力，欲追日景，逮之于禺谷
17-source-04-5,17-source-04,大荒北经,将饮河而不足也，将走大泽，未至，死于此
17-source-04-6,17-source-04,大荒北经,应龙已杀蚩尤，又杀夸父，乃去南方处之，故南方多雨
17-source-04-7,17-source-04,大荒北经,又有无肠之国，是任姓，无继子，食鱼
17-source-04-8,17-source-04,大荒北经,共工之臣名曰相繇，九首蛇身，自环，食于九山
17-source-04-9,17-source-04,大荒北经,其所歍所尼，即为源泽，不辛乃苦，百兽莫能处
17-source-04-10,17-source-04,大荒北经,禹湮洪水，杀相繇，其血腥臭，不可生谷，其地多水，不可居也
17-source-04-11,17-source-04,大荒北经,禹湮之，三仞三沮，乃以为池，群帝因是以为台，在昆仑之北
17-source-05-1,17-source-05,大荒北经,有岳之山，寻竹生焉
17-source-05-2,17-source-05,大荒北经,大荒之中，有山名不句，海水北入焉
17-source-05-3,17-source-05,大荒北经,有系昆之山者，有共工之台，射者不敢北乡
17-source-05-4,17-source-05,大荒北经,有人衣青衣，名曰黄帝女魃
17-source-05-5,17-source-05,大荒北经,蚩尤作兵伐黄帝，黄帝乃令应龙攻之冀州之野
17-source-05-6,17-source-05,大荒北经,应龙畜水，蚩尤请风伯雨师，纵大风雨
17-source-05-7,17-source-05,大荒北经,黄帝乃下天女曰魃，雨止，遂杀蚩尤
17-source-05-8,17-source-05,大荒北经,魃不得复上，所居不雨
17-source-05-9,17-source-05,大荒北经,叔均言之帝，后置之赤水之北
17-source-05-10,17-source-05,大荒北经,叔均乃为田祖
17-source-05-11,17-source-05,大荒北经,魃时亡之
17-source-05-12,17-source-05,大荒北经,所欲逐之者，令曰：神北行！先除水道，决通沟渎
17-source-06-1,17-source-06,大荒北经,有人方食鱼，名曰深目民之国，昐姓，食鱼
17-source-06-2,17-source-06,大荒北经,有锺山者
17-source-06-3,17-source-06,大荒北经,有女子衣青衣，名曰赤水女子魃
17-source-06-4,17-source-06,大荒北经,大荒之中，有山名曰融父山，顺水入焉
17-source-06-5,17-source-06,大荒北经,有人名曰犬戎
17-source-06-6,17-source-06,大荒北经,黄帝生苗龙，苗龙生融吾，融吾生弄明，弄明生白犬，白犬有牝牡，是为犬戎，肉食
17-source-06-7,17-source-06,大荒北经,有赤兽，马状无首，名曰戎宣王尸
17-source-06-8,17-source-06,大荒北经,有山名曰齐州之山、君山、𩱕山、鲜野山、鱼山
17-source-06-9,17-source-06,大荒北经,有人一目，当面中生
17-source-06-10,17-source-06,大荒北经,一曰是威姓，少昊之子，食黍
17-source-06-11,17-source-06,大荒北经,有无继民，无继民任姓，无骨子，食气、鱼
17-source-06-12,17-source-06,大荒北经,西北海外，流沙之东，有国名曰中䡢，颛顼之子，食黍
17-source-07-1,17-source-07,大荒北经,有国名曰赖丘
17-source-07-2,17-source-07,大荒北经,有犬戎国
17-source-07-3,17-source-07,大荒北经,有人，人面兽身，名曰犬戎
17-source-07-4,17-source-07,大荒北经,西北海外，黑水之北，有人有翼，名曰苗民
17-source-07-5,17-source-07,大荒北经,颛顼生驩头，驩头生苗民，苗民釐姓，食肉
17-source-07-6,17-source-07,大荒北经,有山名曰章山
17-source-07-7,17-source-07,大荒北经,大荒之中，有衡石山、九阴山、灰野之山，上有赤树，青叶，赤华，名曰若木
17-source-07-8,17-source-07,大荒北经,有牛黎之国
17-source-07-9,17-source-07,大荒北经,有人无骨，儋耳之子
17-source-07-10,17-source-07,大荒北经,西北海之外，赤水之北，有章尾山
17-source-07-11,17-source-07,大荒北经,有神，人面蛇身而赤，身长千里，直目正乘，其瞑乃晦，其视乃明，不食，不寝，不息，风雨是谒
17-source-07-12,17-source-07,大荒北经,是烛九阴，是谓烛龙
18-source-01-1,18-source-01,海内经,东海之内，北海之隅，有国名曰朝鲜、天毒，其人水居，偎人爱人
18-source-01-2,18-source-01,海内经,西海之内，流沙之中，有国名曰壑市
18-source-01-3,18-source-01,海内经,西海之内，流沙之西，有国名曰氾叶
18-source-01-4,18-source-01,海内经,流沙之西，有鸟山者，三水出焉
18-source-01-5,18-source-01,海内经,爰有黄金、璿瑰、丹货、银铁，皆流于此中
18-source-01-6,18-source-01,海内经,又有淮山，好水出焉
18-source-01-7,18-source-01,海内经,流沙之东，黑水之西，有朝云之国、司彘之国
18-source-01-8,18-source-01,海内经,黄帝妻雷祖，生昌意，昌意降处若水，生韩流
18-source-01-9,18-source-01,海内经,韩流擢首、谨耳、人面、豕喙、麟身、渠股、豚止，取淖子曰阿女，生帝颛顼
18-source-01-10,18-source-01,海内经,流沙之东，黑水之间，有山名不死之山
18-source-01-11,18-source-01,海内经,华山青水之东，有山名曰肇山
18-source-01-12,18-source-01,海内经,有人名曰柏子高，柏子高上下于此，至于天
18-source-02-1,18-source-02,海内经,西南黑水之间，有都广之野，后稷葬焉
18-source-02-2,18-source-02,海内经,其城方三百里，盖天地之中，素女所出也
18-source-02-3,18-source-02,海内经,爰有膏菽、膏稻、膏黍、膏稷，百谷自生，冬夏播琴
18-source-02-4,18-source-02,海内经,鸾鸟自歌，凤鸟自舞，灵寿实华，草木所聚
18-source-02-5,18-source-02,海内经,爰有百兽，相群爰处
18-source-02-6,18-source-02,海内经,此草也，冬夏不死
18-source-02-7,18-source-02,海内经,南海之内，黑水青水之间，有木名曰若木，若水出焉
18-source-02-8,18-source-02,海内经,有禺中之国
18-source-02-9,18-source-02,海内经,有列襄之国
18-source-02-10,18-source-02,海内经,有灵山，有赤蛇在木上，名曰蝡蛇，木食
18-source-02-11,18-source-02,海内经,有盐长之国
18-source-02-12,18-source-02,海内经,有人焉鸟首，名曰鸟氏
18-source-02-13,18-source-02,海内经,有九丘，以水络之：名曰陶唐之丘、叔得之丘、孟盈之丘、昆吾之丘、黑白之丘、赤望之丘、参卫之丘、武夫之丘、神民之丘
18-source-02-14,18-source-02,海内经,有木，青叶紫茎，玄华黄实，名曰建木，百仞无枝，上有九欘，下有九枸，其实如麻，其叶如芒，大皞爰过，黄帝所为
18-source-03-1,18-source-03,海内经,有窫窳，龙首，是食人
18-source-03-2,18-source-03,海内经,有青兽，人面，名曰猩猩
18-source-03-3,18-source-03,海内经,西南有巴国
18-source-03-4,18-source-03,海内经,大皞生咸鸟，咸鸟生乘釐，乘釐生后照，后照是始为巴人
18-source-03-5,18-source-03,海内经,有国名曰流黄辛氏，其域中方三百里，其出是麈
18-source-03-6,18-source-03,海内经,有巴遂山，渑水出焉
18-source-03-7,18-source-03,海内经,又有朱卷之国
18-source-03-8,18-source-03,海内经,有黑蛇，青首，食象
18-source-03-9,18-source-03,海内经,南方有赣巨人，人面长唇，黑身有毛，反踵，见人则笑，唇蔽其面，因可逃也
18-source-03-10,18-source-03,海内经,又有黑人，虎首鸟足，两手持蛇，方啖之
18-source-03-11,18-source-03,海内经,有嬴民，鸟足
18-source-03-12,18-source-03,海内经,有封豕
18-source-03-13,18-source-03,海内经,有人曰苗民
18-source-03-14,18-source-03,海内经,有神焉，人首蛇身，长如辕，左右有首，衣紫衣，冠旃冠，名曰延维，人主得而飨食之，伯天下
18-source-04-1,18-source-04,海内经,有鸾鸟自歌，凤鸟自舞
18-source-04-2,18-source-04,海内经,"凤鸟首文曰""德""，翼文曰""顺""，膺文曰""仁""，背文曰""义""，见则天下和"
18-source-04-3,18-source-04,海内经,又有青兽如菟，名曰𡹤狗
18-source-04-4,18-source-04,海内经,有翠鸟
18-source-04-5,18-source-04,海内经,有孔鸟
18-source-04-6,18-source-04,海内经,南海之内，有衡山，有菌山，有桂山
18-source-04-7,18-source-04,海内经,有山名三天子之都
18-source-04-8,18-source-04,海内经,南方苍梧之丘，苍梧之渊，其中有九嶷山，舜之所葬
18-source-04-9,18-source-04,海内经,在长沙零陵界中
18-source-04-10,18-source-04,海内经,北海之内，有蛇山者，蛇水出焉，东入于海
18-source-04-11,18-source-04,海内经,有五采之鸟，飞蔽一乡，名曰翳鸟
18-source-04-12,18-source-04,海内经,又有不距之山，巧倕葬其西
18-source-04-13,18-source-04,海内经,北海之内，有反缚盗械、带戈常倍之佐，名曰相顾之尸
18-source-05-1,18-source-05,海内经,伯夷父生西岳，西岳生先龙，先龙是始生氐羌，氐羌乞姓
18-source-05-2,18-source-05,海内经,北海之内，有山，名曰幽都之山，黑水出焉
18-source-05-3,18-source-05,海内经,其上有玄鸟、玄蛇、玄豹、玄虎、玄狐蓬尾
18-source-05-4,18-source-05,海内经,有大玄之山
18-source-05-5,18-source-05,海内经,有玄丘之民
18-source-05-6,18-source-05,海内经,有大幽之国
18-source-05-7,18-source-05,海内经,有赤胫之民
18-source-05-8,18-source-05,海内经,有钉灵之国，其民从厀以下有毛，马蹄善走
18-source-05-9,18-source-05,海内经,炎帝之孙伯陵，伯陵同吴权之妻阿女缘妇，缘妇孕三年，是生鼓、延、殳
18-source-05-10,18-source-05,海内经,殳始为侯，鼓、延是始为钟，为乐风
18-source-05-11,18-source-05,海内经,黄帝生骆明，骆明生白马，白马是为鲧
18-source-05-12,18-source-05,海内经,帝俊生禺号，禺号生淫梁，淫梁生番禺，是始为舟
18-source-05-13,18-source-05,海内经,番禺生奚仲，奚仲生吉光，吉光是始以木为车
18-source-06-1,18-source-06,海内经,少皞生般，般是始为弓矢
18-source-06-2,18-source-06,海内经,帝俊赐羿彤弓素矰，以扶下国，羿是始去恤下地之百艰
18-source-06-3,18-source-06,海内经,帝俊生晏龙，晏龙是为琴瑟
18-source-06-4,18-source-06,海内经,帝俊有子八人，是始为歌舞
18-source-06-5,18-source-06,海内经,帝俊生三身，三身生义均，义均是始为巧倕，是始作下民百巧
18-source-06-6,18-source-06,海内经,后稷是播百谷
18-source-06-7,18-source-06,海内经,稷之孙曰叔均，是始作牛耕
18-source-06-8,18-source-06,海内经,大比赤阴，是始为国
18-source-06-9,18-source-06,海内经,禹、鲧是始布土，均定九州
18-source-07-1,18-source-07,海内经,炎帝之妻，赤水之子听訞生炎居，炎居生节并，节并生戏器，戏器生祝融
18-source-07-2,18-source-07,海内经,祝融降处于江水，生共工
18-source-07-3,18-source-07,海内经,共工生术器，术器首方颠，是复土壤，以处江水
18-source-07-4,18-source-07,海内经,共工生后土，后土生噎鸣，噎鸣生岁十有二
18-source-07-5,18-source-07,海内经,洪水滔天
18-source-07-6,18-source-07,海内经,鲧窃帝之息壤以堙洪水，不待帝命
18-source-07-7,18-source-07,海内经,帝令祝融杀鲧于羽郊
18-source-07-8,18-source-07,海内经,鲧复生禹
18-source-07-9,18-source-07,海内经,帝乃命禹卒布土以定九州
