id	名字	类别	归属	所属段落	所属句子
01-01-1	䧿山	山系		01-source-01	01-source-01-1
01-01-2	招摇山	山	01-01-1	01-source-01	01-source-01-2
01-01-3	祝馀	草	01-01-2	01-source-01	01-source-01-3
01-01-4	迷榖	木	01-01-2	01-source-01	01-source-01-4
01-01-5	狌狌	兽	01-01-2	01-source-01	01-source-01-5
01-01-6	丽𪊨水	水	01-01-2	01-source-01	01-source-01-6
01-01-7	育沛	草	01-01-6	01-source-01	01-source-01-6
01-02-1	堂庭山	山	01-01-1	01-source-02	01-source-02-1
01-02-2	即翼山	山	01-01-1	01-source-02	01-source-02-2
01-02-3	杻阳山	山	01-01-1	01-source-02	01-source-02-3
01-02-4	鹿蜀	兽	01-02-3	01-source-02	01-source-02-4
01-02-5	怪水	水	01-02-3	01-source-02	01-source-02-5
01-02-6	旋龟	兽	01-02-5	01-source-02	01-source-02-6
01-03-1	柢山	山	01-01-1	01-source-03	01-source-03-1
01-03-2	鯥	鱼	01-03-1	01-source-03	01-source-03-2
01-03-3	亶爰山	山	01-01-1	01-source-03	01-source-03-3
01-03-4	类	兽	01-03-3	01-source-03	01-source-03-4
01-03-5	基山	山	01-01-1	01-source-03	01-source-03-5
01-03-6	猼訑	兽	01-03-5	01-source-03	01-source-03-6
01-03-7	𪁺𩿧	鸟	01-03-5	01-source-03	01-source-03-7
01-04-1	青丘山	山	01-01-1	01-source-04	01-source-04-1
01-04-2	九尾狐	兽	01-04-1	01-source-04	01-source-04-2
01-04-3	灌灌	鸟	01-04-1	01-source-04	01-source-04-3
01-04-4	英水	水	01-04-1	01-source-04	01-source-04-4
01-04-5	赤鱬	鱼	01-04-4	01-source-04	01-source-04-5
01-04-6	箕尾山	山	01-01-1	01-source-04	01-source-04-6
01-04-7	汸水	水	01-04-6	01-source-04	01-source-04-7
01-05-1	南次二山	山系		01-source-05	01-source-05-4
01-05-2	柜山	山	01-05-1	01-source-05	01-source-05-4
01-05-3	英水	水	01-05-2	01-source-05	01-source-05-5
01-05-4	狸力	兽	01-05-2	01-source-05	01-source-05-6
01-05-5	鴸	鸟	01-05-2	01-source-05	01-source-05-7
01-05-6	长右山	山	01-05-1	01-source-05	01-source-05-8
01-05-7	长右	兽	01-05-6	01-source-05	01-source-05-9
01-05-8	尧光山	山	01-05-1	01-source-05	01-source-05-10
01-05-9	猾褢	兽	01-05-8	01-source-05	01-source-05-11
01-06-1	羽山	山	01-05-1	01-source-06	01-source-06-1
01-06-2	瞿父山	山	01-05-1	01-source-06	01-source-06-2
01-06-3	句馀山	山	01-05-1	01-source-06	01-source-06-3
01-06-4	浮玉山	山	01-05-1	01-source-06	01-source-06-4
01-06-5	彘	兽	01-06-4	01-source-06	01-source-06-5
01-06-6	苕水	水	01-06-4	01-source-06	01-source-06-6
01-06-7	鮆鱼	鱼	01-06-6	01-source-06	01-source-06-7
01-06-8	成山	山	01-05-1	01-source-06	01-source-06-8
01-06-9	𨴯水	水	01-06-8	01-source-06	01-source-06-9
01-06-10	会稽山	山	01-05-1	01-source-06	01-source-06-10
01-06-11	勺水	水	01-06-10	01-source-06	01-source-06-11
01-06-12	夷山	山	01-05-1	01-source-06	01-source-06-12
01-06-13	湨水	水	01-06-12	01-source-06	01-source-06-12
01-06-14	仆勾山	山	01-05-1	01-source-06	01-source-06-13
01-06-15	咸阴山	山	01-05-1	01-source-06	01-source-06-14
01-07-1	洵山	山	01-05-1	01-source-07	01-source-07-1
01-07-2	䍺	兽	01-07-1	01-source-07	01-source-07-2
01-07-3	洵水	水	01-07-1	01-source-07	01-source-07-3
01-07-4	虖勺山	山	01-05-1	01-source-07	01-source-07-4
01-07-5	滂水	水	01-07-4	01-source-07	01-source-07-5
01-07-6	区吴山	山	01-05-1	01-source-07	01-source-07-6
01-07-7	鹿水	水	01-07-6	01-source-07	01-source-07-7
01-07-8	鹿吴山	山	01-05-1	01-source-07	01-source-07-8
01-07-9	泽更水	水	01-07-8	01-source-07	01-source-07-9
01-07-10	蛊雕	兽	01-07-9	01-source-07	01-source-07-10
01-07-11	漆吴山	山	01-05-1	01-source-07	01-source-07-11
01-07-12	南次三山	山系		01-source-07	01-source-07-16
01-07-13	天虞山	山	01-07-12	01-source-07	01-source-07-16
01-07-14	祷过山	山	01-07-12	01-source-07	01-source-07-17
01-07-15	瞿如	鸟	01-07-14	01-source-07	01-source-07-18
01-07-16	泿水	水	01-07-14	01-source-07	01-source-07-19
01-07-17	虎蛟	鱼	01-07-16	01-source-07	01-source-07-20
01-08-1	丹穴山	山	01-07-12	01-source-08	01-source-08-1
01-08-2	丹水	水	01-08-1	01-source-08	01-source-08-2
01-08-3	凤凰	鸟	01-08-1	01-source-08	01-source-08-3,01-source-08-4
01-08-4	发爽山	山	01-07-12	01-source-08	01-source-08-5
01-08-5	汎水	水	01-08-4	01-source-08	01-source-08-6
01-08-6	旄山	山	01-07-12	01-source-08	01-source-08-7
01-08-7	育遗	谷	01-08-6	01-source-08	01-source-08-7
01-08-8	非山	山	01-07-12	01-source-08	01-source-08-8
01-08-9	阳夹山	山	01-07-12	01-source-08	01-source-08-9
01-08-10	灌湘山	山	01-07-12	01-source-08	01-source-08-10
01-08-11	鸡山	山	01-07-12	01-source-08	01-source-08-12
01-08-12	黑水	水	01-08-11	01-source-08	01-source-08-13
01-08-13	鱄鱼	鱼	01-08-12	01-source-08	01-source-08-14
01-09-1	令丘山	山	01-07-12	01-source-09	01-source-09-1
01-09-2	中谷	谷	01-09-1	01-source-09	01-source-09-2
01-09-3	颙	鸟	01-09-1	01-source-09	01-source-09-3
01-09-4	仑者山	山	01-07-12	01-source-09	01-source-09-4
01-09-5	白䓘	木	01-09-4	01-source-09	01-source-09-5
01-09-6	禺稾山	山	01-07-12	01-source-09	01-source-09-6
01-09-7	南禺山	山	01-07-12	01-source-09	01-source-09-7
01-09-8	佐水	水	01-09-7	01-source-09	01-source-09-9
01-09-9	鹓雏	鸟	01-09-7	01-source-09	01-source-09-9
02-01-1	华山山系	山系		02-source-01	02-source-01-1
02-01-2	钱来山	山	02-01-1	02-source-01	02-source-01-1
02-01-3	羬羊	兽	02-01-2	02-source-01	02-source-01-2
02-01-4	松果山	山	02-01-1	02-source-01	02-source-01-3
02-01-5	濩水	水	02-01-4	02-source-01	02-source-01-3
02-01-6	䳋渠	鸟	02-01-4	02-source-01	02-source-01-4
02-01-7	太华山	山	02-01-1	02-source-01	02-source-01-5
02-01-8	肥遗	兽	02-01-7	02-source-01	02-source-01-6
02-01-9	小华山	山	02-01-1	02-source-01	02-source-01-7
02-01-10	赤鷩	鸟	02-01-9	02-source-01	02-source-01-8
02-01-11	萆荔	草	02-01-9	02-source-01	02-source-01-9
02-01-12	符禺山	山	02-01-1	02-source-01	02-source-01-10
02-01-13	文茎	木	02-01-12	02-source-01	02-source-01-11
02-01-14	条	草	02-01-12	02-source-01	02-source-01-12
02-01-15	符禺水	水	02-01-12	02-source-01	02-source-01-13
02-01-16	葱聋	兽	02-01-12	02-source-01	02-source-01-14
02-01-17	鴖	鸟	02-01-12	02-source-01	02-source-01-15
02-01-18	石脆山	山	02-01-1	02-source-01	02-source-01-16
02-01-19	灌水	水	02-01-18	02-source-01	02-source-01-18
02-01-20	英山	山	02-01-1	02-source-01	02-source-01-20
02-01-21	禺水	水	02-01-20	02-source-01	02-source-01-21
02-01-22	䰷鱼	鱼	02-01-21	02-source-01	02-source-01-21
02-01-23	肥遗	鸟	02-01-20	02-source-01	02-source-01-23
02-01-24	竹山	山	02-01-1	02-source-01	02-source-01-24
02-01-25	黄雚	草	02-01-24	02-source-01	02-source-01-25
02-01-26	竹水	水	02-01-24	02-source-01	02-source-01-26
02-01-27	丹水	水	02-01-24	02-source-01	02-source-01-27
02-01-28	人鱼	鱼	02-01-27	02-source-01	02-source-01-27
02-01-29	豪彘	兽	02-01-24	02-source-01	02-source-01-28
02-01-30	浮山	山	02-01-1	02-source-01	02-source-01-29
02-01-31	薰草	草	02-01-30	02-source-01	02-source-01-30
02-02-1	羭次山	山	02-01-1	02-source-02	02-source-02-1
02-02-2	漆水	水	02-02-1	02-source-02	02-source-02-1
02-02-3	嚣	兽	02-02-1	02-source-02	02-source-02-3
02-02-4	橐𩇯	鸟	02-02-1	02-source-02	02-source-02-4
02-02-5	时山	山	02-01-1	02-source-02	02-source-02-5
02-02-6	逐水	水	02-02-5	02-source-02	02-source-02-6
02-02-7	南山	山	02-01-1	02-source-02	02-source-02-7
02-02-8	丹水	水	02-02-7	02-source-02	02-source-02-8
02-02-9	大时山	山	02-01-1	02-source-02	02-source-02-10
02-02-10	涔水	水	02-02-9	02-source-02	02-source-02-11
02-02-11	清水	水	02-02-9	02-source-02	02-source-02-12
02-02-12	嶓冢山	山	02-01-1	02-source-02	02-source-02-13
02-02-13	汉水	水	02-02-12	02-source-02	02-source-02-13
02-02-14	嚣水	水	02-02-12	02-source-02	02-source-02-13
02-02-15	蓇蓉	草	02-02-12	02-source-02	02-source-02-15
02-02-16	天帝山	山	02-01-1	02-source-02	02-source-02-16
02-02-17	谿边	兽	02-02-16	02-source-02	02-source-02-17
02-02-18	栎	鸟	02-02-16	02-source-02	02-source-02-18
02-02-19	杜衡	草	02-02-16	02-source-02	02-source-02-19
02-02-20	皋涂山	山	02-01-1	02-source-02	02-source-02-20
02-02-21	蔷水	水	02-02-20	02-source-02	02-source-02-20
02-02-22	涂水	水	02-02-20	02-source-02	02-source-02-20
02-02-23	玃如	兽	02-02-20	02-source-02	02-source-02-24
02-02-24	数斯	鸟	02-02-20	02-source-02	02-source-02-25
02-02-25	黄山	山	02-01-1	02-source-02	02-source-02-26
02-02-26	盼水	水	02-02-25	02-source-02	02-source-02-27
02-02-27	𤛎	兽	02-02-25	02-source-02	02-source-02-28
02-02-28	鹦䳇	鸟	02-02-25	02-source-02	02-source-02-29
02-03-1	翠山	山	02-01-1	02-source-03	02-source-03-1
02-03-2	鸓	鸟	02-03-1	02-source-03	02-source-03-2
02-03-3	騩山	山	02-01-1	02-source-03	02-source-03-3
02-03-4	淒水	水	02-03-3	02-source-03	02-source-03-4
02-03-5	西次二山	山系		02-source-03	02-source-03-10
02-03-6	钤山	山	02-03-5	02-source-03	02-source-03-10
02-03-7	泰冒山	山	02-03-5	02-source-03	02-source-03-11
02-03-8	洛水	水	02-03-7	02-source-03	02-source-03-12
02-03-9	数历山	山	02-03-5	02-source-03	02-source-03-14
02-03-10	楚水	水	02-03-9	02-source-03	02-source-03-15
02-03-11	高山	山	02-03-5	02-source-03	02-source-03-16
02-03-12	泾水	水	02-03-11	02-source-03	02-source-03-17
02-03-13	女床山	山	02-03-5	02-source-03	02-source-03-18
02-03-14	鸾鸟	鸟	02-03-13	02-source-03	02-source-03-19
02-03-15	龙首山	山	02-03-5	02-source-03	02-source-03-20
02-03-16	苕水	水	02-03-15	02-source-03	02-source-03-21
02-03-17	鹿台山	山	02-03-5	02-source-03	02-source-03-22
02-03-18	凫徯	鸟	02-03-17	02-source-03	02-source-03-23
02-04-1	鸟危山	山	02-03-5	02-source-04	02-source-04-1
02-04-2	鸟危水	水	02-04-1	02-source-04	02-source-04-2
02-04-3	小次山	山	02-03-5	02-source-04	02-source-04-3
02-04-4	朱厌	兽	02-04-3	02-source-04	02-source-04-4
02-04-5	大次山	山	02-03-5	02-source-04	02-source-04-5
02-04-6	薰吴山	山	02-03-5	02-source-04	02-source-04-6
02-04-7	厎阳山	山	02-03-5	02-source-04	02-source-04-7
02-04-8	众兽山	山	02-03-5	02-source-04	02-source-04-8
02-04-9	皇人山	山	02-03-5	02-source-04	02-source-04-9
02-04-10	皇水	水	02-04-9	02-source-04	02-source-04-10
02-04-11	中皇山	山	02-03-5	02-source-04	02-source-04-11
02-04-12	西皇山	山	02-03-5	02-source-04	02-source-04-12
02-04-13	莱山	山	02-03-5	02-source-04	02-source-04-13
02-04-14	罗罗	鸟	02-04-13	02-source-04	02-source-04-13
02-05-1	西次三山	山系		02-source-05	02-source-05-5
02-05-2	崇吾山	山	02-05-1	02-source-05	02-source-05-5
02-05-3	举父	兽	02-05-2	02-source-05	02-source-05-7
02-05-4	蛮蛮	鸟	02-05-2	02-source-05	02-source-05-8
02-05-5	长沙山	山	02-05-1	02-source-05	02-source-05-9
02-05-6	泚水	水	02-05-5	02-source-05	02-source-05-9
02-05-7	不周山	山	02-05-1	02-source-05	02-source-05-10
02-06-1	峚山	山	02-05-1	02-source-06	02-source-06-1
02-06-2	丹木	木	02-06-1	02-source-06	02-source-06-1
02-06-3	丹水	水	02-06-1	02-source-06	02-source-06-2
02-06-4	锺山	山	02-05-1	02-source-06	02-source-06-12
02-06-5	鼓	神	02-06-4	02-source-06	02-source-06-12
02-06-6	钦䲹	神	02-06-4	02-source-06	02-source-06-12,02-source-06-13
02-06-7	鵕鸟	鸟	02-06-4	02-source-06	02-source-06-14
02-06-8	泰器山	山	02-05-1	02-source-06	02-source-06-15
02-06-9	观水	水	02-06-8	02-source-06	02-source-06-15
02-06-10	文鳐鱼	鱼	02-06-9	02-source-06	02-source-06-16,02-source-06-17
02-06-11	槐江山	山	02-05-1	02-source-06	02-source-06-18
02-06-12	丘时水	水	02-06-11	02-source-06	02-source-06-18
02-06-13	英招	神	02-06-11	02-source-06	02-source-06-20
02-06-14	瑶水	水	02-06-11	02-source-06	02-source-06-26
02-06-15	天神	神	02-06-11	02-source-06	02-source-06-27
02-07-1	昆仑丘	山	02-05-1	02-source-07	02-source-07-1
02-07-2	陆吾	神	02-07-1	02-source-07	02-source-07-1,02-source-07-2
02-07-3	土蝼	兽	02-07-1	02-source-07	02-source-07-3
02-07-4	钦原	鸟	02-07-1	02-source-07	02-source-07-4
02-07-5	鹑鸟	鸟	02-07-1	02-source-07	02-source-07-5
02-07-6	沙棠	木	02-07-1	02-source-07	02-source-07-6
02-07-7	薲草	草	02-07-1	02-source-07	02-source-07-7
02-07-8	河水	水	02-07-1	02-source-07	02-source-07-8
02-07-9	赤水	水	02-07-1	02-source-07	02-source-07-9
02-07-10	洋水	水	02-07-1	02-source-07	02-source-07-10
02-07-11	黑水	水	02-07-1	02-source-07	02-source-07-11
02-07-12	乐游山	山	02-05-1	02-source-07	02-source-07-13
02-07-13	桃水	水	02-07-12	02-source-07	02-source-07-13
02-07-14	䱻鱼	鱼	02-07-13	02-source-07	02-source-07-14
02-07-15	蠃母山	山	02-05-1	02-source-07	02-source-07-15
02-07-16	长乘	神	02-07-15	02-source-07	02-source-07-15,02-source-07-16
02-07-17	玉山	山	02-05-1	02-source-07	02-source-07-18
02-07-18	西王母	神	02-07-17	02-source-07	02-source-07-19
02-07-19	狡	兽	02-07-17	02-source-07	02-source-07-20
02-07-20	胜遇	鸟	02-07-17	02-source-07	02-source-07-21
02-07-21	轩辕丘	山	02-05-1	02-source-07	02-source-07-22
02-07-22	洵水	水	02-07-21	02-source-07	02-source-07-23
02-07-23	积石山	山	02-05-1	02-source-07	02-source-07-24,02-source-07-25
02-07-24	长留山	山	02-05-1	02-source-07	02-source-07-26
02-07-25	少昊	神	02-07-24	02-source-07	02-source-07-26
02-07-26	磈氏	神	02-07-24	02-source-07	02-source-07-29
02-07-27	章莪山	山	02-05-1	02-source-07	02-source-07-31
02-07-28	狰	兽	02-07-27	02-source-07	02-source-07-33
02-07-29	毕方	鸟	02-07-27	02-source-07	02-source-07-34
02-08-1	阴山	山	02-05-1	02-source-08	02-source-08-1
02-08-2	浊浴水	水	02-08-1	02-source-08	02-source-08-1
02-08-3	天狗	兽	02-08-1	02-source-08	02-source-08-2
02-08-4	符惕山	山	02-05-1	02-source-08	02-source-08-3
02-08-5	江疑	神	02-08-4	02-source-08	02-source-08-3
02-08-6	三危山	山	02-05-1	02-source-08	02-source-08-5
02-08-7	𢕟𢓨	兽	02-08-6	02-source-08	02-source-08-7
02-08-8	鸱	鸟	02-08-6	02-source-08	02-source-08-8
02-08-9	騩山	山	02-05-1	02-source-08	02-source-08-9
02-08-10	耆童	神	02-08-9	02-source-08	02-source-08-10
02-08-11	天山	山	02-05-1	02-source-08	02-source-08-12
02-08-12	英水	水	02-08-11	02-source-08	02-source-08-13
02-08-13	帝江	神	02-08-11	02-source-08	02-source-08-14
02-08-14	泑山	山	02-05-1	02-source-08	02-source-08-15
02-08-15	蓐收	神	02-08-14	02-source-08	02-source-08-15
02-08-16	翼望山	山	02-05-1	02-source-08	02-source-08-18
02-08-17	讙	兽	02-08-16	02-source-08	02-source-08-19
02-08-18	鵸䳜	鸟	02-08-16	02-source-08	02-source-08-20
02-08-19	西次四山	山系		02-source-08	02-source-08-24
02-08-20	阴山	山	02-08-19	02-source-08	02-source-08-24
02-08-21	阴水	水	02-08-20	02-source-08	02-source-08-25
02-08-22	劳山	山	02-08-19	02-source-08	02-source-08-26
02-08-23	弱水	水	02-08-22	02-source-08	02-source-08-27
02-08-24	罢谷山	山	02-08-19	02-source-08	02-source-08-28
02-08-25	洱水	水	02-08-24	02-source-08	02-source-08-28
02-09-1	申山	山	02-08-19	02-source-09	02-source-09-1
02-09-2	区水	水	02-09-1	02-source-09	02-source-09-2
02-09-3	鸟山	山	02-08-19	02-source-09	02-source-09-3
02-09-4	辱水	水	02-09-3	02-source-09	02-source-09-4
02-09-5	上申山	山	02-08-19	02-source-09	02-source-09-5
02-09-6	当扈	鸟	02-09-5	02-source-09	02-source-09-6
02-09-7	汤水	水	02-09-5	02-source-09	02-source-09-7
02-09-8	诸次山	山	02-08-19	02-source-09	02-source-09-8
02-09-9	诸次水	水	02-09-8	02-source-09	02-source-09-8
02-09-10	号山	山	02-08-19	02-source-09	02-source-09-10
02-09-11	端水	水	02-09-10	02-source-09	02-source-09-12
02-09-12	盂山	山	02-08-19	02-source-09	02-source-09-13
02-09-13	生水	水	02-09-12	02-source-09	02-source-09-14
02-09-14	白於山	山	02-08-19	02-source-09	02-source-09-15
02-09-15	洛水	水	02-09-14	02-source-09	02-source-09-16
02-09-16	夹水	水	02-09-14	02-source-09	02-source-09-16
02-09-17	申首山	山	02-08-19	02-source-09	02-source-09-17
02-09-18	申水	水	02-09-17	02-source-09	02-source-09-18
02-09-19	泾谷山	山	02-08-19	02-source-09	02-source-09-19
02-09-20	泾水	水	02-09-19	02-source-09	02-source-09-19
02-09-21	刚山	山	02-08-19	02-source-09	02-source-09-20
02-09-22	刚水	水	02-09-21	02-source-09	02-source-09-21
02-09-23	神𩳁	神	02-09-21	02-source-09	02-source-09-22
02-10-1	刚山尾	山	02-08-19	02-source-10	02-source-10-1
02-10-2	洛水	水	02-10-1	02-source-10	02-source-10-1
02-10-3	蛮蛮	兽	02-10-2	02-source-10	02-source-10-2
02-10-4	英鞮山	山	02-08-19	02-source-10	02-source-10-3
02-10-5	涴水	水	02-10-4	02-source-10	02-source-10-4
02-10-6	冉遗鱼	鱼	02-10-5	02-source-10	02-source-10-5
02-10-7	中曲山	山	02-08-19	02-source-10	02-source-10-6
02-10-8	駮	兽	02-10-7	02-source-10	02-source-10-7
02-10-9	櫰木	木	02-10-7	02-source-10	02-source-10-8
02-10-10	邽山	山	02-08-19	02-source-10	02-source-10-9
02-10-11	穷奇	兽	02-10-10	02-source-10	02-source-10-9
02-10-12	濛水	水	02-10-10	02-source-10	02-source-10-10
02-10-13	蠃鱼	鱼	02-10-12	02-source-10	02-source-10-11
02-10-14	鸟鼠同穴山	山	02-08-19	02-source-10	02-source-10-12
02-10-15	渭水	水	02-10-14	02-source-10	02-source-10-13
02-10-16	鳋鱼	鱼	02-10-15	02-source-10	02-source-10-14
02-10-17	滥水	水	02-10-14	02-source-10	02-source-10-15
02-10-18	𩶯魮鱼	鱼	02-10-17	02-source-10	02-source-10-15
02-10-19	崦嵫山	山	02-08-19	02-source-10	02-source-10-16
02-10-20	苕水	水	02-10-19	02-source-10	02-source-10-18
02-10-21	孰湖	兽	02-10-19	02-source-10	02-source-10-19
02-10-22	鸮鸟	鸟	02-10-19	02-source-10	02-source-10-20
03-01-1	北山首	山系		03-source-01	03-source-01-1
03-01-2	单狐山	山	03-01-1	03-source-01	03-source-01-1
03-01-3	漨水	水	03-01-2	03-source-01	03-source-01-2
03-01-4	泑水	水	03-01-2	03-source-01	03-source-01-2
03-01-5	求如山	山	03-01-1	03-source-01	03-source-01-3
03-01-6	滑水	水	03-01-5	03-source-01	03-source-01-4
03-01-7	滑鱼	鱼	03-01-6	03-source-01	03-source-01-5
03-01-8	水马	兽	03-01-6	03-source-01	03-source-01-6
03-01-9	带山	山	03-01-1	03-source-01	03-source-01-7
03-01-10	䑏疏	兽	03-01-9	03-source-01	03-source-01-8
03-01-11	鵸䳜	鸟	03-01-9	03-source-01	03-source-01-9
03-01-12	彭水	水	03-01-9	03-source-01	03-source-01-10
03-01-13	芘湖水	水	03-01-9	03-source-01	03-source-01-10
03-01-14	儵鱼	鱼	03-01-12	03-source-01	03-source-01-10
03-01-15	谯明山	山	03-01-1	03-source-01	03-source-01-11
03-01-16	谯水	水	03-01-15	03-source-01	03-source-01-11
03-01-17	何罗鱼	鱼	03-01-16	03-source-01	03-source-01-12
03-01-18	孟槐	兽	03-01-15	03-source-01	03-source-01-13
03-01-19	涿光山	山	03-01-1	03-source-01	03-source-01-15
03-01-20	嚣水	水	03-01-19	03-source-01	03-source-01-15
03-01-21	鳛鳛鱼	鱼	03-01-20	03-source-01	03-source-01-16
03-02-1	虢山	山	03-01-1	03-source-02	03-source-02-1
03-02-2	伊水	水	03-02-1	03-source-02	03-source-02-3
03-02-3	橐驼	兽	03-02-1	03-source-02	03-source-02-4
03-02-4	寓	鸟	03-02-1	03-source-02	03-source-02-4
03-02-5	鱼水	水	03-02-1	03-source-02	03-source-02-6
03-02-6	丹熏山	山	03-01-1	03-source-02	03-source-02-7
03-02-7	熏水	水	03-02-6	03-source-02	03-source-02-8
03-02-8	棠水	水	03-02-6	03-source-02	03-source-02-8
03-02-9	耳鼠	兽	03-02-6	03-source-02	03-source-02-9
03-02-10	石者山	山	03-01-1	03-source-02	03-source-02-10
03-02-11	泚水	水	03-02-10	03-source-02	03-source-02-11
03-02-12	孟极	兽	03-02-10	03-source-02	03-source-02-12
03-02-13	边春山	山	03-01-1	03-source-02	03-source-02-13
03-02-14	杠水	水	03-02-13	03-source-02	03-source-02-14
03-02-15	幽鴳	兽	03-02-13	03-source-02	03-source-02-15
03-02-16	蔓联山	山	03-01-1	03-source-02	03-source-02-16
03-02-17	足訾	兽	03-02-16	03-source-02	03-source-02-17
03-02-18	鵁	鸟	03-02-16	03-source-02	03-source-02-18
03-02-19	单张山	山	03-01-1	03-source-02	03-source-02-19
03-02-20	诸犍	兽	03-02-19	03-source-02	03-source-02-20
03-02-21	白鵺	鸟	03-02-19	03-source-02	03-source-02-21
03-02-22	栎水	水	03-02-19	03-source-02	03-source-02-22
03-02-23	灌题山	山	03-01-1	03-source-02	03-source-02-23
03-02-24	那父	兽	03-02-23	03-source-02	03-source-02-24
03-02-25	竦斯	鸟	03-02-23	03-source-02	03-source-02-25
03-02-26	匠韩水	水	03-02-23	03-source-02	03-source-02-26
03-03-1	潘侯山	山	03-01-1	03-source-03	03-source-03-1
03-03-2	旄牛	兽	03-03-1	03-source-03	03-source-03-2
03-03-3	边水	水	03-03-1	03-source-03	03-source-03-3
03-03-4	小咸山	山	03-01-1	03-source-03	03-source-03-4
03-03-5	大咸山	山	03-01-1	03-source-03	03-source-03-5
03-03-6	长蛇	兽	03-03-5	03-source-03	03-source-03-7
03-03-7	敦薨山	山	03-01-1	03-source-03	03-source-03-8
03-03-8	敦薨水	水	03-03-7	03-source-03	03-source-03-9
03-03-9	赤鲑	鱼	03-03-8	03-source-03	03-source-03-11
03-03-10	兕	兽	03-03-7	03-source-03	03-source-03-12
03-03-11	少咸山	山	03-01-1	03-source-03	03-source-03-13
03-03-12	窫窳	兽	03-03-11	03-source-03	03-source-03-14
03-03-13	敦水	水	03-03-11	03-source-03	03-source-03-15
03-03-14	䰽䰽鱼	鱼	03-03-13	03-source-03	03-source-03-15
03-03-15	狱法山	山	03-01-1	03-source-03	03-source-03-16
03-03-16	瀤泽水	水	03-03-15	03-source-03	03-source-03-16
03-03-17	䲃鱼	鱼	03-03-16	03-source-03	03-source-03-17
03-03-18	山𤟤	兽	03-03-15	03-source-03	03-source-03-18
03-03-19	北岳山	山	03-01-1	03-source-03	03-source-03-19
03-03-20	诸怀	兽	03-03-19	03-source-03	03-source-03-20
03-03-21	诸怀水	水	03-03-19	03-source-03	03-source-03-21
03-03-22	鮨鱼	鱼	03-03-21	03-source-03	03-source-03-22
03-03-23	浑夕山	山	03-01-1	03-source-03	03-source-03-23
03-03-24	嚣水	水	03-03-23	03-source-03	03-source-03-24
03-03-25	肥遗	兽	03-03-23	03-source-03	03-source-03-25
03-03-26	北单山	山	03-01-1	03-source-03	03-source-03-26
03-04-1	罴差山	山	03-01-1	03-source-04	03-source-04-1
03-04-2	北鲜山	山	03-01-1	03-source-04	03-source-04-2
03-04-3	鲜水	水	03-04-2	03-source-04	03-source-04-3
03-04-4	隄山	山	03-01-1	03-source-04	03-source-04-4
03-04-5	狕	兽	03-04-4	03-source-04	03-source-04-5
03-04-6	隄水	水	03-04-4	03-source-04	03-source-04-6
03-04-7	龙龟	兽	03-04-6	03-source-04	03-source-04-6
03-04-8	北次二山	山系		03-source-04	03-source-04-10
03-04-9	管涔山	山	03-04-8	03-source-04	03-source-04-10
03-04-10	汾水	水	03-04-9	03-source-04	03-source-04-12
03-04-11	少阳山	山	03-04-8	03-source-04	03-source-04-13
03-04-12	酸水	水	03-04-11	03-source-04	03-source-04-14
03-04-13	县雍山	山	03-04-8	03-source-04	03-source-04-15
03-04-14	晋水	水	03-04-13	03-source-04	03-source-04-16
03-04-15	鮆鱼	鱼	03-04-14	03-source-04	03-source-04-17
03-04-16	狐岐山	山	03-04-8	03-source-04	03-source-04-18
03-04-17	胜水	水	03-04-16	03-source-04	03-source-04-19
03-04-18	白沙山	山	03-04-8	03-source-04	03-source-04-20
03-04-19	鲔水	水	03-04-18	03-source-04	03-source-04-21
03-05-1	尔是山	山	03-04-8	03-source-05	03-source-05-1
03-05-2	狂山	山	03-04-8	03-source-05	03-source-05-2
03-05-3	狂水	水	03-05-2	03-source-05	03-source-05-4
03-05-4	诸馀山	山	03-04-8	03-source-05	03-source-05-5
03-05-5	诸馀水	水	03-05-4	03-source-05	03-source-05-6
03-05-6	敦头山	山	03-04-8	03-source-05	03-source-05-7
03-05-7	旄水	水	03-05-6	03-source-05	03-source-05-8
03-05-8	𩣡马	兽	03-05-6	03-source-05	03-source-05-9
03-05-9	钩吾山	山	03-04-8	03-source-05	03-source-05-10
03-05-10	狍鸮	兽	03-05-9	03-source-05	03-source-05-11
03-05-11	北嚣山	山	03-04-8	03-source-05	03-source-05-12
03-05-12	独𤞞	兽	03-05-11	03-source-05	03-source-05-13
03-05-13	𪄀𪃑	鸟	03-05-11	03-source-05	03-source-05-14
03-05-14	涔水	水	03-05-11	03-source-05	03-source-05-15
03-05-15	梁渠山	山	03-04-8	03-source-05	03-source-05-16
03-05-16	脩水	水	03-05-15	03-source-05	03-source-05-17
03-05-17	居暨	兽	03-05-15	03-source-05	03-source-05-18
03-05-18	嚣	鸟	03-05-15	03-source-05	03-source-05-19
03-05-19	姑灌山	山	03-04-8	03-source-05	03-source-05-20
03-05-20	湖灌山	山	03-04-8	03-source-05	03-source-05-22
03-05-21	湖灌水	水	03-05-20	03-source-05	03-source-05-23
03-06-1	洹山	山	03-04-8	03-source-06	03-source-06-1
03-06-2	三桑	木	03-06-1	03-source-06	03-source-06-2
03-06-3	敦题山	山	03-04-8	03-source-06	03-source-06-5
03-06-4	北次三山	山系		03-source-06	03-source-06-10
03-06-5	太行山	山系	03-06-4	03-source-06	03-source-06-10
03-06-6	归山	山	03-06-5	03-source-06	03-source-06-11
03-06-7	䮝	兽	03-06-6	03-source-06	03-source-06-12
03-06-8	䴅	鸟	03-06-6	03-source-06	03-source-06-13
03-06-9	龙侯山	山	03-06-4	03-source-06	03-source-06-14
03-06-10	決決水	水	03-06-9	03-source-06	03-source-06-15
03-06-11	人鱼	鱼	03-06-10	03-source-06	03-source-06-16
03-06-12	马成山	山	03-06-4	03-source-06	03-source-06-17
03-06-13	天马	兽	03-06-12	03-source-06	03-source-06-18
03-06-14	鶌鶋	鸟	03-06-12	03-source-06	03-source-06-19
03-06-15	咸山	山	03-06-4	03-source-06	03-source-06-20
03-06-16	条菅水	水	03-06-15	03-source-06	03-source-06-21
03-06-17	天池山	山	03-06-4	03-source-06	03-source-06-23
03-06-18	飞鼠	兽	03-06-17	03-source-06	03-source-06-24
03-06-19	渑水	水	03-06-17	03-source-06	03-source-06-25
03-07-1	阳山	山	03-06-4	03-source-07	03-source-07-1
03-07-2	领胡	兽	03-07-1	03-source-07	03-source-07-2
03-07-3	象蛇	鸟	03-07-1	03-source-07	03-source-07-3
03-07-4	留水	水	03-07-1	03-source-07	03-source-07-4
03-07-5	䱤父鱼	鱼	03-07-4	03-source-07	03-source-07-5
03-07-6	贲闻山	山	03-06-4	03-source-07	03-source-07-6
03-07-7	王屋山	山	03-06-4	03-source-07	03-source-07-7
03-07-8	㶌水	水	03-07-7	03-source-07	03-source-07-8
03-07-9	教山	山	03-06-4	03-source-07	03-source-07-9
03-07-10	教水	水	03-07-9	03-source-07	03-source-07-10
03-07-11	发丸山	山	03-07-10	03-source-07	03-source-07-12
03-07-12	景山	山	03-06-4	03-source-07	03-source-07-13
03-07-13	酸与	鸟	03-07-12	03-source-07	03-source-07-14
03-07-14	孟门山	山	03-06-4	03-source-07	03-source-07-15
03-07-15	平山	山	03-06-4	03-source-07	03-source-07-16
03-07-16	平水	水	03-07-15	03-source-07	03-source-07-16
03-07-17	京山	山	03-06-4	03-source-07	03-source-07-17
03-07-18	高水	水	03-07-17	03-source-07	03-source-07-18
03-07-19	虫尾山	山	03-06-4	03-source-07	03-source-07-19
03-07-20	丹水	水	03-07-19	03-source-07	03-source-07-20
03-07-21	薄水	水	03-07-19	03-source-07	03-source-07-21
03-08-1	彭𣬉山	山	03-06-4	03-source-08	03-source-08-1
03-08-2	蚤林水	水	03-08-1	03-source-08	03-source-08-2
03-08-3	肥水	水	03-08-1	03-source-08	03-source-08-3
03-08-4	肥遗蛇	兽	03-08-3	03-source-08	03-source-08-3
03-08-5	小侯山	山	03-06-4	03-source-08	03-source-08-4
03-08-6	明漳水	水	03-08-5	03-source-08	03-source-08-4
03-08-7	鸪𪄶	鸟	03-08-5	03-source-08	03-source-08-5
03-08-8	泰头山	山	03-06-4	03-source-08	03-source-08-6
03-08-9	共水	水	03-08-8	03-source-08	03-source-08-6
03-08-10	轩辕山	山	03-06-4	03-source-08	03-source-08-8
03-08-11	黄鸟	鸟	03-08-10	03-source-08	03-source-08-9
03-08-12	谒戾山	山	03-06-4	03-source-08	03-source-08-10
03-08-13	沁水	水	03-08-12	03-source-08	03-source-08-11
03-08-14	丹林	木	03-08-12	03-source-08	03-source-08-12
03-08-15	丹林水	水	03-08-12	03-source-08	03-source-08-13
03-08-16	婴侯水	水	03-08-12	03-source-08	03-source-08-14
03-08-17	沮洳山	山	03-06-4	03-source-08	03-source-08-15
03-08-18	濝水	水	03-08-17	03-source-08	03-source-08-16
03-08-19	神囷山	山	03-06-4	03-source-08	03-source-08-17
03-08-20	黄水	水	03-08-19	03-source-08	03-source-08-18
03-08-21	滏水	水	03-08-19	03-source-08	03-source-08-19
03-09-1	发鸠山	山	03-06-4	03-source-09	03-source-09-1
03-09-2	精卫	鸟	03-09-1	03-source-09	03-source-09-2,03-source-09-3
03-09-3	女娃	神		03-source-09	03-source-09-3
03-09-4	炎帝	神		03-source-09	03-source-09-3
03-09-5	漳水	水	03-09-1	03-source-09	03-source-09-4
03-09-6	少山	山	03-06-4	03-source-09	03-source-09-5
03-09-7	清漳水	水	03-09-6	03-source-09	03-source-09-6
03-09-8	锡山	山	03-06-4	03-source-09	03-source-09-7
03-09-9	牛首水	水	03-09-8	03-source-09	03-source-09-8
03-09-10	景山	山	03-06-4	03-source-09	03-source-09-9
03-09-11	景水	水	03-09-10	03-source-09	03-source-09-10
03-09-12	题首山	山	03-06-4	03-source-09	03-source-09-11
03-09-13	绣山	山	03-06-4	03-source-09	03-source-09-12
03-09-14	洧水	水	03-09-13	03-source-09	03-source-09-14
03-09-15	松山	山	03-06-4	03-source-09	03-source-09-15
03-09-16	阳水	水	03-09-15	03-source-09	03-source-09-15
03-09-17	敦与山	山	03-06-4	03-source-09	03-source-09-16
03-09-18	溹水	水	03-09-17	03-source-09	03-source-09-17
03-09-19	泜水	水	03-09-17	03-source-09	03-source-09-17
03-09-20	槐水	水	03-09-17	03-source-09	03-source-09-18
03-09-21	柘山	山	03-06-4	03-source-09	03-source-09-19
03-09-22	历聚水	水	03-09-21	03-source-09	03-source-09-20
03-09-23	维龙山	山	03-06-4	03-source-09	03-source-09-21
03-09-24	肥水	水	03-09-23	03-source-09	03-source-09-22
03-09-25	敞铁水	水	03-09-23	03-source-09	03-source-09-23
03-10-1	白马山	山	03-06-4	03-source-10	03-source-10-1
03-10-2	木马水	水	03-10-1	03-source-10	03-source-10-2
03-10-3	空桑山	山	03-06-4	03-source-10	03-source-10-3
03-10-4	空桑水	水	03-10-3	03-source-10	03-source-10-4
03-10-5	泰戏山	山	03-06-4	03-source-10	03-source-10-5
03-10-6	䍶䍶	兽	03-10-5	03-source-10	03-source-10-6
03-10-7	虖沱水	水	03-10-5	03-source-10	03-source-10-7
03-10-8	液女水	水	03-10-5	03-source-10	03-source-10-8
03-10-9	石山	山	03-06-4	03-source-10	03-source-10-9
03-10-10	濩濩水	水	03-10-9	03-source-10	03-source-10-10
03-10-11	鲜于水	水	03-10-9	03-source-10	03-source-10-10
03-10-12	童戎山	山	03-06-4	03-source-10	03-source-10-11
03-10-13	皋涂水	水	03-10-12	03-source-10	03-source-10-11
03-10-14	高是山	山	03-06-4	03-source-10	03-source-10-12
03-10-15	滋水	水	03-10-14	03-source-10	03-source-10-12
03-10-16	滱水	水	03-10-14	03-source-10	03-source-10-14
03-10-17	陆山	山	03-06-4	03-source-10	03-source-10-15
03-10-18	𨜰水	水	03-10-17	03-source-10	03-source-10-16
03-10-19	沂山	山	03-06-4	03-source-10	03-source-10-17
03-10-20	般水	水	03-10-19	03-source-10	03-source-10-17
03-10-21	燕山	山	03-06-4	03-source-10	03-source-10-18
03-10-22	燕水	水	03-10-21	03-source-10	03-source-10-19
03-10-23	饶山	山	03-06-4	03-source-10	03-source-10-20
03-10-24	历虢水	水	03-10-23	03-source-10	03-source-10-22
03-10-25	师鱼	鱼	03-10-24	03-source-10	03-source-10-23
03-10-26	乾山	山	03-06-4	03-source-10	03-source-10-24
03-10-27	豲	兽	03-10-26	03-source-10	03-source-10-25
03-10-28	伦山	山	03-06-4	03-source-10	03-source-10-26
03-10-29	伦水	水	03-10-28	03-source-10	03-source-10-26
03-10-30	罴九	兽	03-10-28	03-source-10	03-source-10-27
03-10-31	碣石山	山	03-06-4	03-source-10	03-source-10-28
03-10-32	绳水	水	03-10-31	03-source-10	03-source-10-28
03-10-33	雁门山	山	03-06-4	03-source-10	03-source-10-30
03-10-34	帝都山	山	03-06-4	03-source-10	03-source-10-32
03-10-35	錞于毋逢山	山	03-06-4	03-source-10	03-source-10-33
03-10-36	鸡号山	山	03-06-4	03-source-10	03-source-10-33
03-10-37	幽都山	山	03-06-4	03-source-10	03-source-10-34
03-10-38	浴水	水	03-10-37	03-source-10	03-source-10-34
03-10-39	大蛇	兽	03-10-35	03-source-10	03-source-10-35
04-01-1	东山	山系		04-source-01	04-source-01-1
04-01-2	樕𧑤山	山	04-01-1	04-source-01	04-source-01-1
04-01-3	食水	水	04-01-2	04-source-01	04-source-01-2
04-01-4	鳙鳙鱼	鱼	04-01-3	04-source-01	04-source-01-3
04-01-5	藟山	山	04-01-1	04-source-01	04-source-01-4
04-01-6	湖水	水	04-01-5	04-source-01	04-source-01-5
04-01-7	活师	兽	04-01-6	04-source-01	04-source-01-5
04-01-8	栒状山	山	04-01-1	04-source-01	04-source-01-6
04-01-9	从从	兽	04-01-8	04-source-01	04-source-01-7
04-01-10	䖪鼠	鸟	04-01-8	04-source-01	04-source-01-8
04-01-11	𣲵水	水	04-01-8	04-source-01	04-source-01-9
04-01-12	箴鱼	鱼	04-01-11	04-source-01	04-source-01-10
04-01-13	勃亝山	山	04-01-1	04-source-01	04-source-01-11
04-01-14	番条山	山	04-01-1	04-source-01	04-source-01-12
04-01-15	減水	水	04-01-14	04-source-01	04-source-01-13
04-01-16	鳡鱼	鱼	04-01-15	04-source-01	04-source-01-13
04-01-17	姑兒山	山	04-01-1	04-source-01	04-source-01-14
04-01-18	姑兒水	水	04-01-17	04-source-01	04-source-01-15
04-01-19	高氏山	山	04-01-1	04-source-01	04-source-01-16
04-01-20	诸绳水	水	04-01-19	04-source-01	04-source-01-17
04-02-1	岳山	山	04-01-1	04-source-02	04-source-02-1
04-02-2	泺水	水	04-02-1	04-source-02	04-source-02-2
04-02-3	犲山	山	04-01-1	04-source-02	04-source-02-3
04-02-4	堪㐨鱼	鱼	04-02-3	04-source-02	04-source-02-3
04-02-5	夸父兽	兽	04-02-3	04-source-02	04-source-02-4
04-02-6	独山	山	04-01-1	04-source-02	04-source-02-5
04-02-7	末涂水	水	04-02-6	04-source-02	04-source-02-6
04-02-8	䖺䗤	鱼	04-02-7	04-source-02	04-source-02-6
04-02-9	泰山	山	04-01-1	04-source-02	04-source-02-7
04-02-10	狪狪	兽	04-02-9	04-source-02	04-source-02-8
04-02-11	环水	水	04-02-9	04-source-02	04-source-02-9
04-03-1	竹山	山	04-01-1	04-source-03	04-source-03-1
04-03-2	激水	水	04-03-1	04-source-03	04-source-03-2
04-03-3	东次二山	山系		04-source-03	04-source-03-6
04-03-4	空桑山	山	04-03-3	04-source-03	04-source-03-6
04-03-5	軨軨	兽	04-03-4	04-source-03	04-source-03-7
04-03-6	曹夕山	山	04-03-3	04-source-03	04-source-03-8
04-03-7	峄皋山	山	04-03-3	04-source-03	04-source-03-9
04-03-8	峄皋水	水	04-03-7	04-source-03	04-source-03-10
04-03-9	蜃珧	兽	04-03-8	04-source-03	04-source-03-10
04-03-10	葛山	山	04-03-3	04-source-03	04-source-03-11,04-source-03-12
04-03-11	澧水	水	04-03-10	04-source-03	04-source-03-13
04-03-12	珠蟞鱼	鱼	04-03-11	04-source-03	04-source-03-13
04-03-13	馀峨山	山	04-03-3	04-source-03	04-source-03-14
04-03-14	杂余水	水	04-03-13	04-source-03	04-source-03-15
04-03-15	犰狳	兽	04-03-13	04-source-03	04-source-03-16
04-04-1	杜父山	山	04-03-3	04-source-04	04-source-04-1
04-04-2	耿山	山	04-03-3	04-source-04	04-source-04-2
04-04-3	朱獳	兽	04-04-2	04-source-04	04-source-04-3
04-04-4	卢其山	山	04-03-3	04-source-04	04-source-04-4
04-04-5	沙水	水	04-04-4	04-source-04	04-source-04-5
04-04-6	鵹鹕	鸟	04-04-5	04-source-04	04-source-04-6
04-04-7	姑射山	山	04-03-3	04-source-04	04-source-04-7
04-04-8	北姑射山	山	04-03-3	04-source-04	04-source-04-8
04-04-9	南姑射山	山	04-03-3	04-source-04	04-source-04-9
04-04-10	碧山	山	04-03-3	04-source-04	04-source-04-10
04-04-11	缑氏山	山	04-03-3	04-source-04	04-source-04-11
04-04-12	原水	水	04-04-11	04-source-04	04-source-04-12
04-04-13	姑逢山	山	04-03-3	04-source-04	04-source-04-13
04-04-14	獙獙	兽	04-04-13	04-source-04	04-source-04-14
04-05-1	凫丽山	山	04-03-3	04-source-05	04-source-05-1
04-05-2	蠪蛭	兽	04-05-1	04-source-05	04-source-05-2
04-05-3	䃌山	山	04-03-3	04-source-05	04-source-05-3
04-05-4	峳峳	兽	04-05-3	04-source-05	04-source-05-4
04-05-5	絜钩	鸟	04-05-3	04-source-05	04-source-05-5
04-05-6	东次三山	山系		04-source-05	04-source-05-9
04-05-7	尸胡山	山	04-05-6	04-source-05	04-source-05-9
04-05-8	妴胡	兽	04-05-7	04-source-05	04-source-05-10
04-05-9	岐山	山	04-05-6	04-source-05	04-source-05-11
04-05-10	诸钩山	山	04-05-6	04-source-05	04-source-05-12
04-05-11	寐鱼	鱼	04-05-10	04-source-05	04-source-05-12
04-05-12	中父山	山	04-05-6	04-source-05	04-source-05-13
04-05-13	胡射山	山	04-05-6	04-source-05	04-source-05-14
04-05-14	孟子山	山	04-05-6	04-source-05	04-source-05-15,04-source-05-16
04-05-15	碧阳	水	04-05-14	04-source-05	04-source-05-17
04-05-16	鳣鲔	鱼	04-05-15	04-source-05	04-source-05-17
04-06-1	跂踵山	山	04-05-6	04-source-06	04-source-06-1
04-06-2	深泽	水	04-06-1	04-source-06	04-source-06-2
04-06-3	蠵龟	兽	04-06-2	04-source-06	04-source-06-2
04-06-4	鮯鮯鱼	鱼	04-06-1	04-source-06	04-source-06-3
04-06-5	踇隅山	山	04-05-6	04-source-06	04-source-06-4
04-06-6	精精	兽	04-06-5	04-source-06	04-source-06-5
04-06-7	无皋山	山	04-05-6	04-source-06	04-source-06-6,04-source-06-7
04-06-8	东次四山	山系		04-source-06	04-source-06-12
04-06-9	北号山	山	04-06-8	04-source-06	04-source-06-12
04-06-10	北号山神木	木	04-06-9	04-source-06	04-source-06-13
04-06-11	食水	水	04-06-9	04-source-06	04-source-06-14
04-06-12	獦狚	兽	04-06-9	04-source-06	04-source-06-15
04-06-13	鬿雀	鸟	04-06-9	04-source-06	04-source-06-16
04-06-14	旄山	山	04-06-8	04-source-06	04-source-06-17
04-06-15	苍体水	水	04-06-14	04-source-06	04-source-06-18
04-06-16	鱃鱼	鱼	04-06-15	04-source-06	04-source-06-19
04-06-17	东始山	山	04-06-8	04-source-06	04-source-06-20
04-06-18	芑	木	04-06-17	04-source-06	04-source-06-21
04-06-19	泚水	水	04-06-17	04-source-06	04-source-06-22
04-06-20	茈鱼	鱼	04-06-19	04-source-06	04-source-06-22
04-07-1	女烝山	山	04-06-8	04-source-07	04-source-07-1
04-07-2	石膏水	水	04-07-1	04-source-07	04-source-07-2
04-07-3	薄鱼	鱼	04-07-2	04-source-07	04-source-07-2
04-07-4	钦山	山	04-06-8	04-source-07	04-source-07-3
04-07-5	师水	水	04-07-4	04-source-07	04-source-07-4
04-07-6	当康	兽	04-07-4	04-source-07	04-source-07-5
04-07-7	子桐山	山	04-06-8	04-source-07	04-source-07-6
04-07-8	子桐水	水	04-07-7	04-source-07	04-source-07-7
04-07-9	䱻鱼	鱼	04-07-8	04-source-07	04-source-07-8
04-07-10	剡山	山	04-06-8	04-source-07	04-source-07-9
04-07-11	合窳	兽	04-07-10	04-source-07	04-source-07-10
04-07-12	太山	山	04-06-8	04-source-07	04-source-07-11
04-07-13	蜚	兽	04-07-12	04-source-07	04-source-07-12
04-07-14	钩水	水	04-07-12	04-source-07	04-source-07-13
05-01-1	薄山山系	山系		05-source-01	05-source-01-1
05-01-2	甘枣山	山	05-01-1	05-source-01	05-source-01-1
05-01-3	共水	水	05-01-2	05-source-01	05-source-01-1
05-01-4	箨	草	05-01-2	05-source-01	05-source-01-3
05-01-5	㔮	兽	05-01-2	05-source-01	05-source-01-4
05-01-6	历兒山	山	05-01-1	05-source-01	05-source-01-5
05-01-7	渠猪山	山	05-01-1	05-source-01	05-source-01-6
05-01-8	渠猪水	水	05-01-7	05-source-01	05-source-01-7
05-01-9	豪鱼	鱼	05-01-8	05-source-01	05-source-01-8
05-01-10	葱聋山	山	05-01-1	05-source-01	05-source-01-9
05-01-11	涹山	山	05-01-1	05-source-01	05-source-01-10
05-01-12	脱扈山	山	05-01-1	05-source-01	05-source-01-11
05-01-13	植楮	草	05-01-12	05-source-01	05-source-01-11
05-01-14	金星山	山	05-01-1	05-source-01	05-source-01-12
05-01-15	天婴	草	05-01-14	05-source-01	05-source-01-12
05-01-16	泰威山	山	05-01-1	05-source-01	05-source-01-13
05-01-17	枭谷	谷	05-01-16	05-source-01	05-source-01-13
05-01-18	橿谷山	山	05-01-1	05-source-01	05-source-01-14
05-01-19	吴林山	山	05-01-1	05-source-01	05-source-01-15
05-01-20	牛首山	山	05-01-1	05-source-01	05-source-01-16
05-01-21	鬼草	草	05-01-20	05-source-01	05-source-01-16
05-01-22	劳水	水	05-01-20	05-source-01	05-source-01-17
05-01-23	飞鱼	鱼	05-01-22	05-source-01	05-source-01-18
05-01-24	霍山	山	05-01-1	05-source-01	05-source-01-19
05-01-25	朏朏	兽	05-01-24	05-source-01	05-source-01-20
05-02-1	合谷山	山	05-01-1	05-source-02	05-source-02-1
05-02-2	阴山	山	05-01-1	05-source-02	05-source-02-2
05-02-3	少水	水	05-02-2	05-source-02	05-source-02-3
05-02-4	雕棠	木	05-02-2	05-source-02	05-source-02-3
05-02-5	鼓镫山	山	05-01-1	05-source-02	05-source-02-4
05-02-6	荣草	草	05-02-5	05-source-02	05-source-02-5
05-02-7	济山山系	山系		05-source-02	05-source-02-11
05-02-8	煇诸山	山	05-02-7	05-source-02	05-source-02-11
05-02-9	发视山	山	05-02-7	05-source-02	05-source-02-12
05-02-10	即鱼水	水	05-02-9	05-source-02	05-source-02-13
05-02-11	豪山	山	05-02-7	05-source-02	05-source-02-14
05-02-12	鲜山	山	05-02-7	05-source-02	05-source-02-15
05-02-13	鲜水	水	05-02-12	05-source-02	05-source-02-16
05-02-14	鸣蛇	兽	05-02-13	05-source-02	05-source-02-17
05-03-1	昆吾山	山	05-02-7	05-source-03	05-source-03-1
05-03-2	蠪蛭	兽	05-03-1	05-source-03	05-source-03-2
05-03-3	葌山	山	05-02-7	05-source-03	05-source-03-3
05-03-4	葌水	水	05-03-3	05-source-03	05-source-03-3
05-03-5	芒草	木	05-03-3	05-source-03	05-source-03-4
05-03-6	独苏山	山	05-02-7	05-source-03	05-source-03-5
05-03-7	蔓渠山	山	05-02-7	05-source-03	05-source-03-6
05-03-8	伊水	水	05-03-7	05-source-03	05-source-03-7
05-03-9	马腹	兽	05-03-7	05-source-03	05-source-03-8
05-03-10	萯山山系	山系		05-source-03	05-source-03-12
05-03-11	敖岸山	山	05-03-10	05-source-03	05-source-03-12
05-03-12	熏池	神	05-03-11	05-source-03	05-source-03-13
05-03-13	夫诸	兽	05-03-11	05-source-03	05-source-03-16
05-03-14	青要山	山	05-03-10	05-source-03	05-source-03-17
05-03-15	武罗	神	05-03-14	05-source-03	05-source-03-21
05-03-16	畛水	水	05-03-14	05-source-03	05-source-03-23
05-03-17	鴢	鸟	05-03-16	05-source-03	05-source-03-24
05-03-18	荀草	草	05-03-14	05-source-03	05-source-03-25
05-03-19	騩山	山	05-03-10	05-source-03	05-source-03-26
05-03-20	正回水	水	05-03-19	05-source-03	05-source-03-27
05-03-21	飞鱼	鱼	05-03-20	05-source-03	05-source-03-28
05-03-22	宜苏山	山	05-03-10	05-source-03	05-source-03-29
05-03-23	滽滽水	水	05-03-22	05-source-03	05-source-03-30
05-04-1	和山	山	05-03-10	05-source-04	05-source-04-1,05-source-04-2
05-04-2	泰逢	神	05-04-1	05-source-04	05-source-04-3,05-source-04-4
05-04-3	釐山山系	山系		05-source-04	05-source-04-9
05-04-4	鹿蹄山	山	05-04-3	05-source-04	05-source-04-9
05-04-5	甘水	水	05-04-4	05-source-04	05-source-04-10
05-04-6	扶猪山	山	05-04-3	05-source-04	05-source-04-11
05-04-7	䴦	兽	05-04-6	05-source-04	05-source-04-12
05-04-8	虢水	水	05-04-6	05-source-04	05-source-04-13
05-04-9	釐山	山	05-04-3	05-source-04	05-source-04-14
05-04-10	犀渠	兽	05-04-9	05-source-04	05-source-04-15
05-04-11	滽滽水	水	05-04-9	05-source-04	05-source-04-16
05-04-12	𤢺	兽	05-04-9	05-source-04	05-source-04-17
05-04-13	箕尾山	山	05-04-3	05-source-04	05-source-04-18
05-04-14	柄山	山	05-04-3	05-source-04	05-source-04-19
05-04-15	滔雕水	水	05-04-14	05-source-04	05-source-04-20
05-04-16	羬羊	兽	05-04-14	05-source-04	05-source-04-21
05-04-17	茇	木	05-04-14	05-source-04	05-source-04-22
05-05-1	白边山	山	05-04-3	05-source-05	05-source-05-1
05-05-2	熊耳山	山	05-04-3	05-source-05	05-source-05-2
05-05-3	浮濠水	水	05-05-2	05-source-05	05-source-05-3
05-05-4	人鱼	鱼	05-05-3	05-source-05	05-source-05-3
05-05-5	葶苧	草	05-05-2	05-source-05	05-source-05-4
05-05-6	牡山	山	05-04-3	05-source-05	05-source-05-5
05-05-7	㸲牛	兽	05-05-6	05-source-05	05-source-05-6
05-05-8	赤鷩	鸟	05-05-6	05-source-05	05-source-05-6
05-05-9	讙举山	山	05-04-3	05-source-05	05-source-05-7
05-05-10	雒水	水	05-05-9	05-source-05	05-source-05-7
05-05-11	马肠	兽	05-05-9	05-source-05	05-source-05-7
05-05-12	薄山山系（五）	山系		05-source-05	05-source-05-12
05-05-13	苟林山	山	05-05-12	05-source-05	05-source-05-12
05-05-14	首山	山	05-05-12	05-source-05	05-source-05-13
05-05-15	机谷	谷	05-05-14	05-source-05	05-source-05-14
05-05-16	䲦鸟	鸟	05-05-15	05-source-05	05-source-05-14
05-05-17	县斸山	山	05-05-12	05-source-05	05-source-05-15
05-05-18	葱聋山	山	05-05-12	05-source-05	05-source-05-16
05-05-19	条谷山	山	05-05-12	05-source-05	05-source-05-17
05-05-20	超山	山	05-05-12	05-source-05	05-source-05-18
05-05-21	成侯山	山	05-05-12	05-source-05	05-source-05-19
05-05-22	朝歌山	山	05-05-12	05-source-05	05-source-05-20
05-05-23	槐山	山	05-05-12	05-source-05	05-source-05-21
05-06-1	历山	山	05-05-12	05-source-06	05-source-06-1
05-06-2	尸山	山	05-05-12	05-source-06	05-source-06-2
05-06-3	尸水	水	05-06-2	05-source-06	05-source-06-3
05-06-4	良馀山	山	05-05-12	05-source-06	05-source-06-4
05-06-5	馀水	水	05-06-4	05-source-06	05-source-06-5
05-06-6	乳水	水	05-06-4	05-source-06	05-source-06-5
05-06-7	蛊尾山	山	05-05-12	05-source-06	05-source-06-6
05-06-8	龙馀水	水	05-06-7	05-source-06	05-source-06-7
05-06-9	升山	山	05-05-12	05-source-06	05-source-06-8
05-06-10	黄酸水	水	05-06-9	05-source-06	05-source-06-9
05-06-11	阳虚山	山	05-05-12	05-source-06	05-source-06-10
05-06-12	缟羝山系	山系		05-source-06	05-source-06-17
05-06-13	平逢山	山	05-06-12	05-source-06	05-source-06-17
05-06-14	骄虫	神	05-06-13	05-source-06	05-source-06-18
05-07-1	缟羝山	山	05-06-12	05-source-07	05-source-07-1
05-07-2	廆山	山	05-06-12	05-source-07	05-source-07-2
05-07-3	雚谷	谷	05-07-2	05-source-07	05-source-07-3
05-07-4	鸰䳩	鸟	05-07-3	05-source-07	05-source-07-4
05-07-5	交觞水	水	05-07-2	05-source-07	05-source-07-5
05-07-6	俞随水	水	05-07-2	05-source-07	05-source-07-5
05-07-7	瞻诸山	山	05-06-12	05-source-07	05-source-07-6
05-07-8	㴬水	水	05-07-7	05-source-07	05-source-07-7
05-07-9	娄涿山	山	05-06-12	05-source-07	05-source-07-8
05-07-10	瞻水	水	05-07-9	05-source-07	05-source-07-9
05-07-11	陂水	水	05-07-9	05-source-07	05-source-07-9
05-07-12	白石山	山	05-06-12	05-source-07	05-source-07-10
05-07-13	惠水	水	05-07-12	05-source-07	05-source-07-10
05-07-14	涧水	水	05-07-12	05-source-07	05-source-07-11
05-07-15	穀山	山	05-06-12	05-source-07	05-source-07-12
05-07-16	爽水	水	05-07-15	05-source-07	05-source-07-13
05-08-1	密山	山	05-缟羝山系	05-source-08	05-source-08-1
05-08-2	豪水	水	05-08-1	05-source-08	05-source-08-2
05-08-3	旋龟	兽	05-08-2	05-source-08	05-source-08-3
05-08-4	长石之山	山	05-缟羝山系	05-source-08	05-source-08-5
05-08-5	共谷	谷	05-08-4	05-source-08	05-source-08-6
05-08-6	共水	水	05-08-4	05-source-08	05-source-08-7
05-08-7	傅山	山	05-缟羝山系	05-source-08	05-source-08-8
05-08-8	厌染之水	水	05-08-7	05-source-08	05-source-08-9
05-08-9	人鱼	鱼	05-08-8	05-source-08	05-source-08-9
05-08-10	墦冢	林	05-08-7	05-source-08	05-source-08-10
05-08-11	穀水	水	05-08-7	05-source-08	05-source-08-11
05-08-12	橐山	山	05-缟羝山系	05-source-08	05-source-08-12
05-08-13	橐水	水	05-08-12	05-source-08	05-source-08-13
05-08-14	脩辟之鱼	鱼	05-08-13	05-source-08	05-source-08-14
05-08-15	常烝之山	山	05-缟羝山系	05-source-08	05-source-08-15
05-08-16	潐水	水	05-08-15	05-source-08	05-source-08-16
05-08-17	菑水	水	05-08-15	05-source-08	05-source-08-17
05-08-18	夸父之山	山	05-缟羝山系	05-source-08	05-source-08-18
05-08-19	桃林	林	05-08-18	05-source-08	05-source-08-19
05-08-20	湖水	水	05-08-18	05-source-08	05-source-08-20
05-09-1	阳华之山	山	05-缟羝山系	05-source-09	05-source-09-1
05-09-2	苦辛	草	05-09-1	05-source-09	05-source-09-1
05-09-3	杨水	水	05-09-1	05-source-09	05-source-09-2
05-09-4	门水	水	05-09-1	05-source-09	05-source-09-3
05-09-5	𦁎姑之水	水	05-09-1	05-source-09	05-source-09-4
05-09-6	缟羝山系	山系		05-source-09	05-source-09-5
05-09-7	苦山山系	山系		05-source-09	05-source-09-7
05-09-8	休与之山	山	05-09-7	05-source-09	05-source-09-7
05-09-9	帝台之棋	石	05-09-8	05-source-09	05-source-09-7
05-09-10	夙条	草	05-09-8	05-source-09	05-source-09-8
05-09-11	鼓钟之山	山	05-09-7	05-source-09	05-source-09-9
05-09-12	焉酸	草	05-09-11	05-source-09	05-source-09-10
05-09-13	姑媱之山	山	05-09-7	05-source-09	05-source-09-12
05-09-14	女尸	神	05-09-13	05-source-09	05-source-09-12
05-09-15	䔄草	草	05-09-13	05-source-09	05-source-09-12
05-09-16	苦山	山	05-09-7	05-source-09	05-source-09-13
05-09-17	山膏	兽	05-09-16	05-source-09	05-source-09-13
05-09-18	黄棘	木	05-09-16	05-source-09	05-source-09-14
05-09-19	无条	草	05-09-16	05-source-09	05-source-09-15
05-10-1	堵山	山	05-09-7	05-source-10	05-source-10-1
05-10-2	天愚	神	05-10-1	05-source-10	05-source-10-1
05-10-3	天楄	木	05-10-1	05-source-10	05-source-10-2
05-10-4	放皋之山	山	05-09-7	05-source-10	05-source-10-3
05-10-5	明水	水	05-10-4	05-source-10	05-source-10-3
05-10-6	蒙木	木	05-10-4	05-source-10	05-source-10-4
05-10-7	文文	兽	05-10-4	05-source-10	05-source-10-5
05-10-8	大苦之山	山	05-09-7	05-source-10	05-source-10-6
05-10-9	牛伤	草	05-10-8	05-source-10	05-source-10-7
05-10-10	狂水	水	05-10-8	05-source-10	05-source-10-8
05-10-11	三足龟	兽	05-10-10	05-source-10	05-source-10-9
05-10-12	半石之山	山	05-09-7	05-source-10	05-source-10-10
05-10-13	嘉荣	草	05-10-12	05-source-10	05-source-10-10
05-10-14	来需之水	水	05-10-12	05-source-10	05-source-10-11
05-10-15	鯩鱼	鱼	05-10-14	05-source-10	05-source-10-11
05-10-16	合水	水	05-10-12	05-source-10	05-source-10-12
05-10-17	䲢鱼	鱼	05-10-16	05-source-10	05-source-10-12
05-10-18	少室之山	山	05-09-7	05-source-10	05-source-10-13
05-10-19	帝休	木	05-10-18	05-source-10	05-source-10-14
05-10-20	休水	水	05-10-18	05-source-10	05-source-10-16
05-10-21	䱱鱼	鱼	05-10-20	05-source-10	05-source-10-16
05-11-1	泰室之山	山	05-09-7	05-source-11	05-source-11-1
05-11-2	栯木	木	05-11-1	05-source-11	05-source-11-1
05-11-3	䔄草	草	05-11-1	05-source-11	05-source-11-2
05-11-4	讲山	山	05-09-7	05-source-11	05-source-11-4
05-11-5	帝屋	木	05-11-4	05-source-11	05-source-11-5
05-11-6	婴梁之山	山	05-09-7	05-source-11	05-source-11-6
05-11-7	浮戏之山	山	05-09-7	05-source-11	05-source-11-7
05-11-8	亢木	木	05-11-7	05-source-11	05-source-11-7
05-11-9	汜水	水	05-11-7	05-source-11	05-source-11-8
05-11-10	蛇谷	谷	05-11-7	05-source-11	05-source-11-9
05-11-11	少陉之山	山	05-09-7	05-source-11	05-source-11-10
05-11-12	菵草	草	05-11-11	05-source-11	05-source-11-10
05-11-13	器难之水	水	05-11-11	05-source-11	05-source-11-11
05-11-14	太山	山	05-09-7	05-source-11	05-source-11-12
05-11-15	梨	草	05-11-14	05-source-11	05-source-11-12
05-11-16	太水	水	05-11-14	05-source-11	05-source-11-13
05-11-17	承水	水	05-11-14	05-source-11	05-source-11-14
05-11-18	末山	山	05-09-7	05-source-11	05-source-11-15
05-11-19	末水	水	05-11-18	05-source-11	05-source-11-16
05-11-20	役山	山	05-09-7	05-source-11	05-source-11-17
05-11-21	役水	水	05-11-20	05-source-11	05-source-11-18
05-11-22	敏山	山	05-09-7	05-source-11	05-source-11-19
05-11-23	葪柏	木	05-11-22	05-source-11	05-source-11-19
05-11-24	大騩之山	山	05-09-7	05-source-11	05-source-11-21
05-11-25	𦴭	草	05-11-24	05-source-11	05-source-11-22
05-12-1	荆山山系	山系		05-source-12	05-source-12-1
05-12-2	景山	山	05-12-1	05-source-12	05-source-12-1
05-12-3	雎水	水	05-12-2	05-source-12	05-source-12-2
05-12-4	文鱼	鱼	05-12-3	05-source-12	05-source-12-2
05-12-5	荆山	山	05-12-1	05-source-12	05-source-12-3
05-12-6	漳水	水	05-12-5	05-source-12	05-source-12-4
05-12-7	鲛鱼	鱼	05-12-6	05-source-12	05-source-12-4
05-12-8	骄山	山	05-12-1	05-source-12	05-source-12-5
05-12-9	围	神	05-12-8	05-source-12	05-source-12-6
05-12-10	女几之山	山	05-12-1	05-source-12	05-source-12-7
05-12-11	宜诸之山	山	05-12-1	05-source-12	05-source-12-8
05-12-12	洈水	水	05-12-11	05-source-12	05-source-12-9
05-12-13	纶山	山	05-12-1	05-source-12	05-source-12-10
05-12-14	陆䣀之山	山	05-12-1	05-source-12	05-source-12-11
05-12-15	光山	山	05-12-1	05-source-12	05-source-12-12
05-12-16	计蒙	神	05-12-15	05-source-12	05-source-12-13
05-12-17	岐山	山	05-12-1	05-source-12	05-source-12-14
05-12-18	涉	神	05-12-17	05-source-12	05-source-12-15
05-12-19	铜山	山	05-12-1	05-source-12	05-source-12-16
05-12-20	美山	山	05-12-1	05-source-12	05-source-12-17
05-13-1	大尧之山	山	05-12-1	05-source-13	05-source-13-1
05-13-2	灵山	山	05-12-1	05-source-13	05-source-13-2
05-13-3	龙山	山	05-12-1	05-source-13	05-source-13-3
05-13-4	衡山	山	05-12-1	05-source-13	05-source-13-4
05-13-5	石山	山	05-12-1	05-source-13	05-source-13-5
05-13-6	若山	山	05-12-1	05-source-13	05-source-13-6
05-13-7	彘山	山	05-12-1	05-source-13	05-source-13-7
05-13-8	玉山	山	05-12-1	05-source-13	05-source-13-8
05-13-9	讙山	山	05-12-1	05-source-13	05-source-13-9
05-13-10	郁水	水	05-13-9	05-source-13	05-source-13-10
05-13-11	仁举之山	山	05-12-1	05-source-13	05-source-13-11
05-13-12	师每之山	山	05-12-1	05-source-13	05-source-13-12
05-13-13	琴鼓之山	山	05-12-1	05-source-13	05-source-13-13
05-13-14	岷山山系	山系		05-source-13	05-source-13-19
05-13-15	女几之山	山	05-13-14	05-source-13	05-source-13-19
05-13-16	洛水	水	05-13-15	05-source-13	05-source-13-20
05-14-1	岷山	山	05-13-14	05-source-14	05-source-14-1
05-14-2	江水	水	05-14-1	05-source-14	05-source-14-1
05-14-3	良龟	兽	05-14-2	05-source-14	05-source-14-1
05-14-4	鼍	兽	05-14-2	05-source-14	05-source-14-1
05-14-5	夔牛	兽	05-14-1	05-source-14	05-source-14-3
05-14-6	崃山	山	05-13-14	05-source-14	05-source-14-4
05-14-7	崌山	山	05-13-14	05-source-14	05-source-14-6
05-14-8	䲀鱼	鱼	05-14-7	05-source-14	05-source-14-6
05-14-9	窃脂	鸟	05-14-7	05-source-14	05-source-14-8
05-14-10	高梁之山	山	05-13-14	05-source-14	05-source-14-9
05-14-11	蛇山	山	05-13-14	05-source-14	05-source-14-11
05-14-12	𤜣狼	兽	05-14-11	05-source-14	05-source-14-12
05-14-13	鬲山	山	05-13-14	05-source-14	05-source-14-13
05-14-14	蒲𪈘之水	水	05-14-13	05-source-14	05-source-14-14
05-14-15	隅阳之山	山	05-13-14	05-source-14	05-source-14-16
05-14-16	徐之水	水	05-14-15	05-source-14	05-source-14-17
05-14-17	岐山	山	05-13-14	05-source-14	05-source-14-18
05-14-18	減水	水	05-14-17	05-source-14	05-source-14-19
05-14-19	勾檷之山	山	05-13-14	05-source-14	05-source-14-20
05-14-20	风雨之山	山	05-13-14	05-source-14	05-source-14-21
05-14-21	宣余之水	水	05-14-20	05-source-14	05-source-14-22
05-15-1	玉山	山		05-source-15	05-source-15-1
05-15-2	熊山	山		05-source-15	05-source-15-2,05-source-15-3,05-source-15-4
05-15-3	騩山	山		05-source-15	05-source-15-5
05-15-4	葛山	山		05-source-15	05-source-15-6
05-15-5	贾超山	山		05-source-15	05-source-15-7
05-15-6	岷山	山系		05-source-15	05-source-15-8,05-source-15-9,05-source-15-10,05-source-15-11,05-source-15-12,05-source-15-13,05-source-15-14,05-source-15-15
05-15-7	首阳山	山		05-source-15	05-source-15-16
05-15-8	虎尾山	山		05-source-15	05-source-15-17
05-15-9	繁缋山	山		05-source-15	05-source-15-18
05-15-10	勇石山	山		05-source-15	05-source-15-19
05-15-11	复州山	山		05-source-15	05-source-15-20
05-15-12	跂踵	鸟	05-15-11	05-source-15	05-source-15-21
05-15-13	楮山	山		05-source-15	05-source-15-22
05-16-1	又原山	山		05-source-16	05-source-16-1
05-16-2	涿山	山		05-source-16	05-source-16-2
05-16-3	丙山	山		05-source-16	05-source-16-3
05-16-4	首阳山系	山系		05-source-16	05-source-16-4,05-source-16-5,05-source-16-6,05-source-16-7,05-source-16-8
05-16-5	翼望山	山		05-source-16	05-source-16-9,05-source-16-10,05-source-16-11
05-16-6	湍水	水	05-16-5	05-source-16	05-source-16-10
05-16-7	贶水	水	05-16-5	05-source-16	05-source-16-10
05-16-8	朝歌山	山		05-source-16	05-source-16-12,05-source-16-13,05-source-16-14
05-16-9	潕水	水	05-16-8	05-source-16	05-source-16-12
05-16-10	莽草	草	05-16-8	05-source-16	05-source-16-14
05-16-11	帝囷山	山		05-source-16	05-source-16-15,05-source-16-16
05-16-12	帝囷水	水	05-16-11	05-source-16	05-source-16-16
05-16-13	鸣蛇	兽	05-16-12	05-source-16	05-source-16-16
05-16-14	视山	山		05-source-16	05-source-16-17,05-source-16-18,05-source-16-19
05-16-15	天井	水	05-16-14	05-source-16	05-source-16-18
05-16-16	前山	山		05-source-16	05-source-16-20
05-16-17	丰山	山		05-source-16	05-source-16-21,05-source-16-22,05-source-16-23,05-source-16-24
05-16-18	雍和	兽	05-16-17	05-source-16	05-source-16-21
05-16-19	耕父	神	05-16-17	05-source-16	05-source-16-22
05-16-20	清泠渊	水	05-16-17	05-source-16	05-source-16-22
05-17-1	兔床山	山		05-source-17	05-source-17-1
05-17-2	鸡谷	草	05-17-1	05-source-17	05-source-17-1
05-17-3	皮山	山		05-source-17	05-source-17-2
05-17-4	瑶碧山	山		05-source-17	05-source-17-3
05-17-5	鸩	鸟	05-17-4	05-source-17	05-source-17-4
05-17-6	攻离山	山		05-source-17	05-source-17-5
05-17-7	淯水	水	05-17-6	05-source-17	05-source-17-5
05-17-8	婴勺	鸟	05-17-6	05-source-17	05-source-17-6
05-17-9	㸲牛	兽	05-17-6	05-source-17	05-source-17-7
05-17-10	羬羊	兽	05-17-6	05-source-17	05-source-17-7
05-17-11	祑𥮐山	山		05-source-17	05-source-17-8
05-17-12	堇理山	山		05-source-17	05-source-17-9
05-17-13	青耕	鸟	05-17-12	05-source-17	05-source-17-10
05-17-14	依轱山	山		05-source-17	05-source-17-11
05-17-15	獜	兽	05-17-14	05-source-17	05-source-17-12
05-17-16	即谷山	山		05-source-17	05-source-17-13,05-source-17-14
05-17-17	鸡山	山		05-source-17	05-source-17-15
05-17-18	高前山	山		05-source-17	05-source-17-16,05-source-17-17
05-17-19	游戏山	山		05-source-17	05-source-17-18
05-18-1	从山	山		05-source-18	05-source-18-1
05-18-2	从水	水	05-18-1	05-source-18	05-source-18-2
05-18-3	三足鳖	兽	05-18-2	05-source-18	05-source-18-2
05-18-4	婴䃌山	山		05-source-18	05-source-18-3
05-18-5	毕山	山		05-source-18	05-source-18-4,05-source-18-5
05-18-6	帝苑水	水	05-18-5	05-source-18	05-source-18-4
05-18-7	乐马山	山		05-source-18	05-source-18-6
05-18-8	䰤离	兽	05-18-7	05-source-18	05-source-18-6
05-18-9	葴山	山		05-source-18	05-source-18-7
05-18-10	瀙水	水	05-18-9	05-source-18	05-source-18-7
05-18-11	颉	兽	05-18-10	05-source-18	05-source-18-7
05-18-12	婴山	山		05-source-18	05-source-18-8
05-18-13	虎首山	山		05-source-18	05-source-18-9
05-18-14	婴侯山	山		05-source-18	05-source-18-10
05-18-15	大孰山	山		05-source-18	05-source-18-11
05-18-16	杀水	水	05-18-15	05-source-18	05-source-18-11
05-18-17	卑山	山		05-source-18	05-source-18-12
05-18-18	倚帝山	山		05-source-18	05-source-18-13
05-18-19	狙如	兽	05-18-18	05-source-18	05-source-18-14
05-18-20	鲵山	山		05-source-18	05-source-18-15,05-source-18-16
05-18-21	鲵水	水	05-18-20	05-source-18	05-source-18-15
05-18-22	雅山	山		05-source-18	05-source-18-17,05-source-18-18
05-18-23	澧水	水	05-18-22	05-source-18	05-source-18-17
05-18-24	宣山	山		05-source-18	05-source-18-19,05-source-18-20
05-18-25	沦水	水	05-18-24	05-source-18	05-source-18-19
05-18-26	帝女桑	木	05-18-24	05-source-18	05-source-18-20
05-18-27	衡山	山		05-source-18	05-source-18-21
05-18-28	丰山	山		05-source-18	05-source-18-22
05-18-29	羊桃	木	05-18-28	05-source-18	05-source-18-22
05-18-30	妪山	山		05-source-18	05-source-18-23
05-19-1	鲜山	山		05-source-19	05-source-19-1
05-19-2	𤝻即	兽	05-19-1	05-source-19	05-source-19-2
05-19-3	皋山	山		05-source-19	05-source-19-3,05-source-19-4
05-19-4	皋水	水	05-19-3	05-source-19	05-source-19-4
05-19-5	大支山	山		05-source-19	05-source-19-5
05-19-6	区吴山	山		05-source-19	05-source-19-6
05-19-7	声匈山	山		05-source-19	05-source-19-7
05-19-8	大騩山	山		05-source-19	05-source-19-8
05-19-9	踵臼山	山		05-source-19	05-source-19-9
05-19-10	历石山	山		05-source-19	05-source-19-10
05-19-11	梁渠	兽	05-19-10	05-source-19	05-source-19-11
05-19-12	求山	山		05-source-19	05-source-19-12,05-source-19-13,05-source-19-14
05-19-13	求水	水	05-19-12	05-source-19	05-source-19-12
05-19-14	丑阳山	山		05-source-19	05-source-19-15
05-19-15	䳅鵌	鸟	05-19-14	05-source-19	05-source-19-16
05-19-16	奥山	山		05-source-19	05-source-19-17,05-source-19-18
05-19-17	奥水	水	05-19-16	05-source-19	05-source-19-18
05-19-18	服山	山		05-source-19	05-source-19-19
05-19-19	杳山	山		05-source-19	05-source-19-20
05-19-20	凡山	山		05-source-19	05-source-19-21,05-source-19-22
05-19-21	闻𧲂	兽	05-19-20	05-source-19	05-source-19-22
05-19-22	荆山系	山系		05-source-19	05-source-19-23,05-source-19-24,05-source-19-25,05-source-19-26,05-source-19-27,05-source-19-28,05-source-19-29
05-20-1	洞庭山系	山系		05-source-20	05-source-20-1
05-20-2	篇遇山	山	05-20-1	05-source-20	05-source-20-1
05-20-3	云山	山	05-20-1	05-source-20	05-source-20-2,05-source-20-3
05-20-4	龟山	山	05-20-1	05-source-20	05-source-20-4
05-20-5	丙山	山	05-20-1	05-source-20	05-source-20-5
05-20-6	风伯山	山	05-20-1	05-source-20	05-source-20-6,05-source-20-7
05-20-7	莽浮林	谷	05-20-6	05-source-20	05-source-20-7
05-20-8	夫夫山	山	05-20-1	05-source-20	05-source-20-8,05-source-20-9
05-20-9	于兒	神	05-20-8	05-source-20	05-source-20-9
05-20-10	洞庭山	山	05-20-1	05-source-20	05-source-20-10,05-source-20-11,05-source-20-12,05-source-20-13,05-source-20-14
05-20-11	帝之二女	神	05-20-10	05-source-20	05-source-20-11,05-source-20-12
05-20-12	暴山	山	05-20-1	05-source-20	05-source-20-15
05-20-13	即公山	山	05-20-1	05-source-20	05-source-20-16,05-source-20-17
05-20-14	蛫	兽	05-20-13	05-source-20	05-source-20-17
05-20-15	尧山	山	05-20-1	05-source-20	05-source-20-18
05-20-16	江浮山	山	05-20-1	05-source-20	05-source-20-19
05-21-1	真陵山	山	05-20-1	05-source-21	05-source-21-1
05-21-2	阳帝山	山	05-20-1	05-source-21	05-source-21-2
05-21-3	柴桑山	山	05-20-1	05-source-21	05-source-21-3
05-21-4	飞蛇	兽	05-21-3	05-source-21	05-source-21-3
05-21-5	荣余山	山	05-20-1	05-source-21	05-source-21-4
05-21-6	洞庭山系总述	山系	05-20-1	05-source-21	05-source-21-5,05-source-21-6,05-source-21-7,05-source-21-8,05-source-21-9
06-01-1	结匈国	国		06-source-01	06-source-01-4
06-01-2	南山	山		06-source-01	06-source-01-5
06-01-3	比翼鸟	鸟		06-source-01	06-source-01-8
06-01-4	羽民国	国		06-source-01	06-source-01-10
06-02-1	二八	神		06-source-02	06-source-02-1,06-source-02-2,06-source-02-3
06-02-2	毕方鸟	鸟		06-source-02	06-source-02-4
06-02-3	讙头国	国		06-source-02	06-source-02-6
06-02-4	厌火国	国		06-source-02	06-source-02-9
06-02-5	三珠树	木		06-source-02	06-source-02-11
06-02-6	三苗国	国		06-source-02	06-source-02-13
06-02-7	臷国	国		06-source-02	06-source-02-15
06-03-1	贯匈国	国		06-source-03	06-source-03-1
06-03-2	交胫国	国		06-source-03	06-source-03-3
06-03-3	不死民	人		06-source-03	06-source-03-5
06-03-4	反舌国	国		06-source-03	06-source-03-7
06-03-5	昆仑虚	山		06-source-03	06-source-03-9
06-03-6	羿	人		06-source-03	06-source-03-11,06-source-03-12,06-source-03-13
06-03-7	凿齿	人		06-source-03	06-source-03-11,06-source-03-13
06-03-8	寿华之野	地		06-source-03	06-source-03-11
06-04-1	三首国	国		06-source-04	06-source-04-1
06-04-2	周饶国	国		06-source-04	06-source-04-3
06-04-3	长臂国	国		06-source-04	06-source-04-5
06-04-4	狄山	山		06-source-04	06-source-04-7,06-source-04-8,06-source-04-9
06-04-5	帝尧	人	06-04-4	06-source-04	06-source-04-7
06-04-6	帝喾	人	06-04-4	06-source-04	06-source-04-7
06-04-7	离朱	鸟	06-04-4	06-source-04	06-source-04-8
06-04-8	视肉	兽	06-04-4	06-source-04	06-source-04-8
06-04-9	范林	地		06-source-04	06-source-04-12
06-04-10	祝融	神		06-source-04	06-source-04-13
07-01-1	结匈国	国		07-source-01	07-source-01-2
07-01-2	灭蒙鸟	鸟	07-01-1	07-source-01	07-source-01-2
07-01-3	大运山	山		07-source-01	07-source-01-3
07-01-4	大乐之野	地		07-source-01	07-source-01-4,07-source-01-5,07-source-01-6,07-source-01-7
07-01-5	夏后启	人		07-source-01	07-source-01-4,07-source-01-5
07-02-1	三身国	国		07-source-02	07-source-02-1
07-02-2	一臂国	国		07-source-02	07-source-02-2
07-02-3	奇肱国	国		07-source-02	07-source-02-3
07-02-4	文马	兽	07-02-3	07-source-02	07-source-02-3
07-02-5	两头鸟	鸟	07-02-3	07-source-02	07-source-02-4
07-02-6	刑天	神		07-source-02	07-source-02-5,07-source-02-6
07-02-7	常羊山	山		07-source-02	07-source-02-5
07-02-8	女祭	人		07-source-02	07-source-02-7,07-source-02-8
07-02-9	女戚	人		07-source-02	07-source-02-7,07-source-02-8
07-03-1	䳐鸟	鸟		07-source-03	07-source-03-1,07-source-03-3
07-03-2	𪆻鸟	鸟		07-source-03	07-source-03-1
07-03-3	维鸟	鸟		07-source-03	07-source-03-4
07-03-4	丈夫国	国		07-source-03	07-source-03-5
07-03-5	女丑	人		07-source-03	07-source-03-6,07-source-03-7,07-source-03-8,07-source-03-9
07-03-6	巫咸国	国		07-source-03	07-source-03-10
07-03-7	登葆山	山		07-source-03	07-source-03-11
07-04-1	并封	兽		07-source-04	07-source-04-1
07-04-2	女子国	国		07-source-04	07-source-04-2,07-source-04-3
07-04-3	轩辕国	国		07-source-04	07-source-04-4,07-source-04-5
07-04-4	穷山	山		07-source-04	07-source-04-6
07-04-5	轩辕丘	山		07-source-04	07-source-04-7
07-04-6	诸沃之野	地		07-source-04	07-source-04-8,07-source-04-9,07-source-04-10,07-source-04-11,07-source-04-12
07-04-7	鸾鸟	鸟	07-04-6	07-source-04	07-source-04-8
07-04-8	凤鸟	鸟	07-04-6	07-source-04	07-source-04-8
07-05-1	龙鱼	鱼		07-source-05	07-source-05-1,07-source-05-2,07-source-05-3
07-05-2	鳖鱼	鱼		07-source-05	07-source-05-4
07-05-3	白民国	国		07-source-05	07-source-05-5
07-05-4	乘黄	兽	07-05-3	07-source-05	07-source-05-6
07-06-1	肃慎国	国		07-source-06	07-source-06-1
07-06-2	雄常	木	07-06-1	07-source-06	07-source-06-2
07-06-3	长股国	国		07-source-06	07-source-06-3,07-source-06-4
07-06-4	蓐收	神		07-source-06	07-source-06-5
08-01-1	无启国	国		08-source-01	08-source-01-2
08-01-2	锺山	山		08-source-01	08-source-01-5
08-01-3	烛阴	神	08-01-2	08-source-01	08-source-01-3,08-source-01-4,08-source-01-5
08-01-4	一目国	国		08-source-01	08-source-01-6
08-01-5	柔利国	国		08-source-01	08-source-01-8
08-02-1	相柳氏	神		08-source-02	08-source-02-1,08-source-02-2,08-source-02-6
08-02-2	共工台	地		08-source-02	08-source-02-4,08-source-02-7,08-source-02-8,08-source-02-9
08-02-3	深目国	国		08-source-02	08-source-02-10
08-02-4	无肠国	国		08-source-02	08-source-02-12
08-02-5	聂耳国	国		08-source-02	08-source-02-13,08-source-02-14
08-03-1	夸父	人		08-source-03	08-source-03-1,08-source-03-2,08-source-03-3,08-source-03-4
08-03-2	夸父国	国		08-source-03	08-source-03-5,08-source-03-7
08-03-3	邓林	地		08-source-03	08-source-03-4,08-source-03-6
08-03-4	禹所积石山	山		08-source-03	08-source-03-8
08-03-5	拘瘿国	国		08-source-03	08-source-03-9
08-04-1	寻木	木		08-source-04	08-source-04-1
08-04-2	跂踵国	国		08-source-04	08-source-04-2
08-04-3	欧丝野	地		08-source-04	08-source-04-4
08-04-4	三桑	木		08-source-04	08-source-04-5
08-04-5	范林	地		08-source-04	08-source-04-6
08-05-1	务隅山	山		08-source-05	08-source-05-1
08-05-2	颛顼	人		08-source-05	08-source-05-1
08-05-3	平丘	地		08-source-05	08-source-05-3,08-source-05-4
08-05-4	騊駼	兽		08-source-05	08-source-05-5
08-05-5	駮	兽		08-source-05	08-source-05-6
08-05-6	蛩蛩	兽		08-source-05	08-source-05-7
08-05-7	罗罗	兽		08-source-05	08-source-05-8
08-05-8	禺彊	神		08-source-05	08-source-05-9
08-05-9	离朱	鸟	08-05-1	08-source-05	08-source-05-2
08-05-10	视肉	兽		08-source-05	08-source-05-2
09-01-1	𨲠丘	山		09-source-01	09-source-01-2,09-source-01-3,09-source-01-4,09-source-01-5
09-01-2	遗玉	物	09-01-1	09-source-01	09-source-01-2
09-01-3	青马	兽	09-01-1	09-source-01	09-source-01-2
09-01-4	视肉	物	09-01-1	09-source-01	09-source-01-2
09-01-5	大人国	国		09-source-01	09-source-01-6,09-source-01-7
09-01-6	奢比之尸	神		09-source-01	09-source-01-8
09-01-7	肝榆之尸	神		09-source-01	09-source-01-9
09-01-8	君子国	国		09-source-01	09-source-01-10,09-source-01-11,09-source-01-12
09-01-9	薰华草	草	09-01-8	09-source-01	09-source-01-11
09-02-1	虹虹国	国		09-source-02	09-source-02-1,09-source-02-2
09-02-2	朝阳谷	谷		09-source-02	09-source-02-3
09-02-3	天吴	神	09-02-2	09-source-02	09-source-02-3,09-source-02-4,09-source-02-5
09-02-4	青丘国	国		09-source-02	09-source-02-6,09-source-02-7,09-source-02-8
09-02-5	九尾狐	兽	09-02-4	09-source-02	09-source-02-7
09-02-6	竖亥	人		09-source-02	09-source-02-9,09-source-02-10,09-source-02-11,09-source-02-12
09-03-1	黑齿国	国		09-source-03	09-source-03-1,09-source-03-2
09-03-2	汤谷	谷		09-source-03	09-source-03-3
09-03-3	扶桑	木	09-03-2	09-source-03	09-source-03-4,09-source-03-5
09-03-4	雨师妾国	国		09-source-03	09-source-03-6,09-source-03-7
09-03-5	玄股国	国		09-source-03	09-source-03-8,09-source-03-9
09-04-1	毛民国	国		09-source-04	09-source-04-1,09-source-04-2
09-04-2	劳民国	国		09-source-04	09-source-04-3,09-source-04-4,09-source-04-5,09-source-04-6
09-04-3	句芒	神		09-source-04	09-source-04-7
10-01-1	瓯	国		10-source-01	10-source-01-2
10-01-2	闽	国		10-source-01	10-source-01-3
10-01-3	三天子鄣山	山		10-source-01	10-source-01-5
10-01-4	桂林	木		10-source-01	10-source-01-7
10-01-5	伯虑国	国		10-source-01	10-source-01-8
10-01-6	离耳国	国		10-source-01	10-source-01-8
10-01-7	雕题国	国		10-source-01	10-source-01-8
10-01-8	北朐国	国		10-source-01	10-source-01-8
10-01-9	郁水	水		10-source-01	10-source-01-9
10-02-1	枭阳国	国		10-source-02	10-source-02-1,10-source-02-2
10-02-2	兕	兽		10-source-02	10-source-02-3
10-02-3	苍梧山	山		10-source-02	10-source-02-4
10-02-4	帝舜	人		10-source-02	10-source-02-4
10-02-5	帝丹朱	人		10-source-02	10-source-02-4
10-02-6	氾林	地		10-source-02	10-source-02-5
10-02-7	狌狌	兽		10-source-02	10-source-02-6
10-03-1	犀牛	兽		10-source-03	10-source-03-1
10-03-2	孟涂	神		10-source-03	10-source-03-2,10-source-03-3
10-03-3	窫窳	兽		10-source-03	10-source-03-4
10-03-4	弱水	水		10-source-03	10-source-03-4
10-03-5	建木	木		10-source-03	10-source-03-5,10-source-03-6,10-source-03-7
10-04-1	氐人国	国		10-source-04	10-source-04-1
10-04-2	巴蛇	兽		10-source-04	10-source-04-2,10-source-04-3,10-source-04-4
10-04-3	旄马	兽		10-source-04	10-source-04-5,10-source-04-6
11-01-1	后稷葬	地		11-source-01	11-source-01-2
11-01-2	氐国	国		11-source-01	11-source-01-3
11-01-3	流黄酆氏之国	国		11-source-01	11-source-01-4
11-01-4	流沙	水		11-source-01	11-source-01-6
11-01-5	锺山	山		11-source-01	11-source-01-6
11-01-6	昆仑虚	山		11-source-01	11-source-01-6
11-01-7	埻端	国		11-source-01	11-source-01-7
11-01-8	玺㬇	国		11-source-01	11-source-01-7
11-02-1	大夏	国		11-source-02	11-source-02-1
11-02-2	竖沙	国		11-source-02	11-source-02-1
11-02-3	居繇	国		11-source-02	11-source-02-1
11-02-4	月支	国		11-source-02	11-source-02-1
11-02-5	白玉山	山		11-source-02	11-source-02-2
11-02-6	苍梧	国		11-source-02	11-source-02-2
11-02-7	昆仑山	山		11-source-02	11-source-02-5,11-source-02-6,11-source-02-7,11-source-02-8,11-source-02-9,11-source-02-10
11-02-8	木禾	木	11-02-7	11-source-02	11-source-02-7
11-02-9	开明兽	神	11-02-7	11-source-02	11-source-02-9
11-03-1	赤水	水	11-02-7	11-source-03	11-source-03-1
11-03-2	河水	水	11-02-7	11-source-03	11-source-03-2
11-03-3	积石山	山		11-source-03	11-source-03-2
11-03-4	洋水	水	11-02-7	11-source-03	11-source-03-3
11-03-5	黑水	水	11-02-7	11-source-03	11-source-03-3
11-03-6	弱水	水	11-02-7	11-source-03	11-source-03-4
11-03-7	青水	水	11-02-7	11-source-03	11-source-03-4
11-03-8	毕方鸟	鸟		11-source-03	11-source-03-4
11-03-9	开明兽	神	11-02-7	11-source-03	11-source-03-6
11-04-1	凤皇	鸟	11-02-7	11-source-04	11-source-04-1,11-source-04-3
11-04-2	鸾鸟	鸟	11-02-7	11-source-04	11-source-04-1,11-source-04-3
11-04-3	视肉	兽	11-02-7	11-source-04	11-source-04-2
11-04-4	珠树	木	11-02-7	11-source-04	11-source-04-2
11-04-5	文玉树	木	11-02-7	11-source-04	11-source-04-2
11-04-6	玗琪树	木	11-02-7	11-source-04	11-source-04-2
11-04-7	不死树	木	11-02-7	11-source-04	11-source-04-2
11-04-8	离朱	木	11-02-7	11-source-04	11-source-04-4
11-04-9	柏树	木	11-02-7	11-source-04	11-source-04-4
11-04-10	甘水	水	11-02-7	11-source-04	11-source-04-4
11-04-11	圣木曼兑	木	11-02-7	11-source-04	11-source-04-4
11-04-12	巫彭	神	11-02-7	11-source-04	11-source-04-5
11-04-13	巫抵	神	11-02-7	11-source-04	11-source-04-5
11-04-14	巫阳	神	11-02-7	11-source-04	11-source-04-5
11-04-15	巫履	神	11-02-7	11-source-04	11-source-04-5
11-04-16	巫凡	神	11-02-7	11-source-04	11-source-04-5
11-04-17	巫相	神	11-02-7	11-source-04	11-source-04-5
11-04-18	窫窳	神	11-02-7	11-source-04	11-source-04-5,11-source-04-6
11-04-19	服常树	木	11-02-7	11-source-04	11-source-04-7
11-04-20	琅玕树	木	11-02-7	11-source-04	11-source-04-7
11-05-1	树鸟	鸟	11-02-7	11-source-05	11-source-05-1
11-05-2	诵鸟	鸟	11-02-7	11-source-05	11-source-05-1
11-05-3	鶽	鸟	11-02-7	11-source-05	11-source-05-1
11-05-4	视肉	兽	11-02-7	11-source-05	11-source-05-1
11-05-5	蛇巫山	山		11-source-05	11-source-05-2,11-source-05-3
11-05-6	西王母	神		11-source-05	11-source-05-4,11-source-05-5,11-source-05-6
11-05-7	三青鸟	鸟	11-05-6	11-source-05	11-source-05-5
12-01-1	匈奴	国		12-source-01	12-source-01-2
12-01-2	开题国	国		12-source-01	12-source-01-2
12-01-3	列人国	国		12-source-01	12-source-01-2
12-01-4	贰负	神		12-source-01	12-source-01-3
12-01-5	危	人		12-source-01	12-source-01-3
12-01-6	窫窳	神		12-source-01	12-source-01-3
12-01-7	疏属山	山		12-source-01	12-source-01-3
12-01-8	大行伯	人		12-source-01	12-source-01-5
12-01-9	犬封国	国		12-source-01	12-source-01-6,12-source-01-8
12-01-10	吉量	兽	12-01-9	12-source-01	12-source-01-10
12-02-1	鬼国	国		12-source-02	12-source-02-1
12-02-2	蜪犬	兽		12-source-02	12-source-02-3
12-02-3	穷奇	兽		12-source-02	12-source-02-4
12-02-4	帝尧台	神		12-source-02	12-source-02-7
12-02-5	帝喾台	神		12-source-02	12-source-02-7
12-02-6	帝丹朱台	神		12-source-02	12-source-02-7
12-02-7	帝舜台	神		12-source-02	12-source-02-7
12-02-8	大蜂	兽		12-source-02	12-source-02-8
12-02-9	朱蛾	兽		12-source-02	12-source-02-8
12-03-1	蟜	人		12-source-03	12-source-03-1
12-03-2	阘非	人		12-source-03	12-source-03-4
12-03-3	据比	人		12-source-03	12-source-03-5
12-03-4	环狗	人		12-source-03	12-source-03-6
12-03-5	祙	人		12-source-03	12-source-03-8
12-04-1	戎	人		12-source-04	12-source-04-1
12-04-2	林氏国	国		12-source-04	12-source-04-2
12-04-3	驺吾	兽	12-04-2	12-source-04	12-source-04-2
12-04-4	氾林	木		12-source-04	12-source-04-3
12-04-5	从极渊	水		12-source-04	12-source-04-4,12-source-04-6
12-04-6	冰夷	神		12-source-04	12-source-04-4,12-source-04-5
12-04-7	阳汙山	山		12-source-04	12-source-04-7
12-04-8	凌门山	山		12-source-04	12-source-04-8
12-05-1	王子夜	人		12-source-05	12-source-05-1
12-05-2	大泽	水		12-source-05	12-source-05-2
12-05-3	雁门山	山		12-source-05	12-source-05-4
12-05-4	高柳	山		12-source-05	12-source-05-5
12-05-5	登比氏	人		12-source-05	12-source-05-7
12-05-6	宵明	神		12-source-05	12-source-05-7
12-05-7	烛光	神		12-source-05	12-source-05-7
12-05-8	东胡	国		12-source-05	12-source-05-9
12-06-1	夷人	国		12-source-06	12-source-06-1
12-06-2	貊国	国		12-source-06	12-source-06-2,12-source-06-3
12-06-3	孟鸟	鸟	12-06-2	12-source-06	12-source-06-4,12-source-06-5
13-01-1	钜燕	国		13-source-01	13-source-01-2
13-01-2	盖国	国		13-source-01	13-source-01-3
13-01-3	倭	国		13-source-01	13-source-01-3,13-source-01-4
13-01-4	朝鲜	国		13-source-01	13-source-01-5
13-01-5	列阳	国		13-source-01	13-source-01-5,13-source-01-6
13-01-6	列姑射	国		13-source-01	13-source-01-7
13-01-7	姑射国	国	13-01-6	13-source-01	13-source-01-8,13-source-01-9
13-01-8	大蟹	兽		13-source-01	13-source-01-10
13-02-1	陵鱼	鱼		13-source-02	13-source-02-1
13-02-2	大鯾	鱼		13-source-02	13-source-02-2
13-02-3	明组邑	国		13-source-02	13-source-02-3
13-02-4	蓬莱山	山		13-source-02	13-source-02-4
13-02-5	大人之市	国		13-source-02	13-source-02-5
13-03-1	琅邪台	山		13-source-03	13-source-03-1,13-source-03-2,13-source-03-3
13-03-2	都州	国		13-source-03	13-source-03-4,13-source-03-5
13-03-3	韩雁	国		13-source-03	13-source-03-6
13-03-4	始鸠	国		13-source-03	13-source-03-7
13-03-5	雷泽	水		13-source-03	13-source-03-8,13-source-03-9
13-03-6	雷神	神	13-03-5	13-source-03	13-source-03-8
13-03-7	会稽山	山		13-source-03	13-source-03-10
14-01-1	少昊之国	国		14-source-01	14-source-01-1
14-01-2	少昊	神	14-01-1	14-source-01	14-source-01-2
14-01-3	颛顼	人	14-01-1	14-source-01	14-source-01-2
14-01-4	甘山	山		14-source-01	14-source-01-3
14-01-5	甘水	水	14-01-4	14-source-01	14-source-01-3
14-01-6	甘渊	水	14-01-5	14-source-01	14-source-01-3
14-01-7	羲和之国	国		14-source-01	14-source-01-4
14-01-8	羲和	神	14-01-7	14-source-01	14-source-01-5,14-source-01-6
14-01-9	皮母地丘	山		14-source-01	14-source-01-7
14-01-10	大言山	山		14-source-01	14-source-01-8
14-01-11	波谷山	山		14-source-01	14-source-01-9
14-01-12	大人之国	国	14-01-11	14-source-01	14-source-01-9
14-01-13	大人之堂	山		14-source-01	14-source-01-10
14-02-1	靖人	国		14-source-02	14-source-02-1
14-02-2	梨䰱之尸	神		14-source-02	14-source-02-2
14-02-3	潏山	山		14-source-02	14-source-02-3
14-02-4	杨水	水	14-02-3	14-source-02	14-source-02-3
14-02-5	蒍国	国		14-source-02	14-source-02-4
14-02-6	合虚山	山		14-source-02	14-source-02-5
14-02-7	中容之国	国		14-source-02	14-source-02-6
14-02-8	中容	人	14-02-7	14-source-02	14-source-02-7
14-02-9	东口山	山		14-source-02	14-source-02-8
14-02-10	君子之国	国	14-02-9	14-source-02	14-source-02-9
14-02-11	司幽之国	国		14-source-02	14-source-02-10
14-02-12	晏龙	人	14-02-11	14-source-02	14-source-02-11
14-02-13	司幽	人	14-02-11	14-source-02	14-source-02-11
14-02-14	思士	人	14-02-11	14-source-02	14-source-02-11
14-02-15	大阿山	山		14-source-02	14-source-02-13
14-02-16	明星山	山		14-source-02	14-source-02-14
14-03-1	白民之国	国		14-source-03	14-source-03-1
14-03-2	帝鸿	人	14-03-1	14-source-03	14-source-03-2
14-03-3	白民	人	14-03-1	14-source-03	14-source-03-2
14-03-4	青丘之国	国		14-source-03	14-source-03-3
14-03-5	九尾狐	兽	14-03-4	14-source-03	14-source-03-4
14-03-6	柔仆民	国		14-source-03	14-source-03-5
14-03-7	黑齿之国	国		14-source-03	14-source-03-6
14-03-8	黑齿	人	14-03-7	14-source-03	14-source-03-7
14-03-9	夏州之国	国		14-source-03	14-source-03-8
14-03-10	盖余之国	国		14-source-03	14-source-03-9
14-03-11	天吴	神		14-source-03	14-source-03-10
14-03-12	鞠陵于天山	山		14-source-03	14-source-03-11
14-03-13	东极山	山		14-source-03	14-source-03-11
14-03-14	离瞀山	山		14-source-03	14-source-03-11
14-03-15	折丹	神		14-source-03	14-source-03-12
14-03-16	禺䝞	神		14-source-03	14-source-03-13,14-source-03-14,14-source-03-15
14-03-17	禺京	神		14-source-03	14-source-03-14,14-source-03-15
14-04-1	招摇山	山		14-source-04	14-source-04-1
14-04-2	融水	水	14-04-1	14-source-04	14-source-04-1
14-04-3	玄股国	国		14-source-04	14-source-04-2
14-04-4	因民国	国		14-source-04	14-source-04-3
14-04-5	王亥	人		14-source-04	14-source-04-4,14-source-04-5,14-source-04-6
14-04-6	有易	国		14-source-04	14-source-04-5,14-source-04-6,14-source-04-7
14-04-7	摇民国	国		14-source-04	14-source-04-7,14-source-04-8,14-source-04-9
14-04-8	女丑	人		14-source-04	14-source-04-10,14-source-04-11
14-04-9	孽摇頵羝山	山		14-source-04	14-source-04-12
14-04-10	扶木	木	14-04-9	14-source-04	14-source-04-13
14-04-11	温源谷	谷		14-source-04	14-source-04-14
14-04-12	汤谷	谷		14-source-04	14-source-04-15
14-05-1	奢比尸	神		14-source-05	14-source-05-1
14-05-2	五采之鸟	鸟		14-source-05	14-source-05-2,14-source-05-3,14-source-05-4
14-05-3	猗天苏门山	山		14-source-05	14-source-05-5
14-05-4	壎民之国	国		14-source-05	14-source-05-6
14-05-5	綦山	山		14-source-05	14-source-05-7
14-05-6	摇山	山		14-source-05	14-source-05-8
14-05-7	䰝山	山		14-source-05	14-source-05-9
14-05-8	门户山	山		14-source-05	14-source-05-10
14-05-9	盛山	山		14-source-05	14-source-05-11
14-05-10	待山	山		14-source-05	14-source-05-12
14-06-1	壑明俊疾山	山		14-source-06	14-source-06-1
14-06-2	女和月母之国	国		14-source-06	14-source-06-6
14-06-3	鹓	神		14-source-06	14-source-06-7
14-06-4	凶犁土丘	山		14-source-06	14-source-06-8
14-06-5	应龙	神		14-source-06	14-source-06-9,14-source-06-10,14-source-06-11,14-source-06-12
14-06-6	蚩尤	神		14-source-06	14-source-06-9
14-06-7	夸父	神		14-source-06	14-source-06-9
14-06-8	流波山	山		14-source-06	14-source-06-12
14-06-9	夔	兽	14-06-8	14-source-06	14-source-06-13,14-source-06-14
14-06-10	甘华	木		14-source-06	14-source-06-3,14-source-06-4
14-06-11	甘柤	木		14-source-06	14-source-06-4
15-01-1	䟣踢	兽		15-source-01	15-source-01-1
15-01-2	双双	兽		15-source-01	15-source-01-2
15-01-3	阿山	山		15-source-01	15-source-01-3
15-01-4	氾天山	山		15-source-01	15-source-01-4
15-01-5	苍梧野	地		15-source-01	15-source-01-5
15-01-6	荣山	山		15-source-01	15-source-01-7
15-01-7	荣水	水	15-01-6	15-source-01	15-source-01-7
15-01-8	玄蛇	兽		15-source-01	15-source-01-8
15-01-9	巫山	山		15-source-01	15-source-01-9
15-01-10	黄鸟	鸟	15-01-9	15-source-01	15-source-01-9,15-source-01-11
15-02-1	不庭山	山		15-source-02	15-source-02-1
15-02-2	三身国	国		15-source-02	15-source-02-3,15-source-02-4
15-02-3	少和渊	水		15-source-02	15-source-02-6
15-02-4	从渊	水		15-source-02	15-source-02-6
15-02-5	成山	山		15-source-02	15-source-02-7
15-02-6	甘水	水	15-02-5	15-source-02	15-source-02-7
15-02-7	季禺国	国		15-source-02	15-source-02-8
15-02-8	羽民国	国		15-source-02	15-source-02-9
15-02-9	卵民国	国		15-source-02	15-source-02-10
15-02-10	不姜山	山		15-source-02	15-source-02-11
15-02-11	贾山	山		15-source-02	15-source-02-12
15-02-12	汔水	水	15-02-11	15-source-02	15-source-02-12
15-02-13	言山	山		15-source-02	15-source-02-13
15-02-14	登备山	山		15-source-02	15-source-02-14
15-02-15	恝恝山	山		15-source-02	15-source-02-15
15-02-16	蒲山	山		15-source-02	15-source-02-16
15-02-17	澧水	水	15-02-16	15-source-02	15-source-02-16
15-02-18	隗山	山		15-source-02	15-source-02-17
15-02-19	漂水	水		15-source-02	15-source-02-18
15-02-20	尾山	山		15-source-02	15-source-02-19
15-02-21	翠山	山		15-source-02	15-source-02-20
15-03-1	盈民国	国		15-source-03	15-source-03-1
15-03-2	不死国	国		15-source-03	15-source-03-3
15-03-3	去痓山	山		15-source-03	15-source-03-4
15-03-4	不廷胡余	神		15-source-03	15-source-03-6
15-03-5	因因乎	神		15-source-03	15-source-03-7
15-03-6	襄山	山		15-source-03	15-source-03-8
15-03-7	重阴山	山		15-source-03	15-source-03-9
15-03-8	季釐	人		15-source-03	15-source-03-10,15-source-03-11
15-03-9	季釐国	国		15-source-03	15-source-03-11
15-03-10	缗渊	水		15-source-03	15-source-03-12
15-03-11	倍伐	人		15-source-03	15-source-03-13
15-03-12	俊坛	水		15-source-03	15-source-03-14
15-04-1	臷民国	国		15-source-04	15-source-04-1,15-source-04-2,15-source-04-3
15-04-2	鸾鸟	鸟		15-source-04	15-source-04-4
15-04-3	凤鸟	鸟		15-source-04	15-source-04-4
15-04-4	融天山	山		15-source-04	15-source-04-7
15-04-5	凿齿	人		15-source-04	15-source-04-8
15-04-6	蜮山	山		15-source-04	15-source-04-9
15-04-7	蜮民国	国		15-source-04	15-source-04-9
15-04-8	蜮人	人		15-source-04	15-source-04-10
15-05-1	宋山	山		15-source-05	15-source-05-1
15-05-2	育蛇	兽	15-05-1	15-source-05	15-source-05-1
15-05-3	枫木	木	15-05-1	15-source-05	15-source-05-2,15-source-05-3
15-05-4	祖状之尸	神		15-source-05	15-source-05-4
15-05-5	焦侥国	国		15-source-05	15-source-05-5
15-05-6	㱙涂山	山		15-source-05	15-source-05-6
15-05-7	青水	水	15-05-6	15-source-05	15-source-05-6
15-05-8	云雨山	山		15-source-05	15-source-05-7
15-05-9	栾	木	15-05-8	15-source-05	15-source-05-7,15-source-05-8
15-06-1	伯服国	国		15-source-06	15-source-06-1
15-06-2	鼬姓国	国		15-source-06	15-source-06-2
15-06-3	苕山	山		15-source-06	15-source-06-3
15-06-4	宗山	山		15-source-06	15-source-06-4
15-06-5	姓山	山		15-source-06	15-source-06-5
15-06-6	壑山	山		15-source-06	15-source-06-6
15-06-7	陈州山	山		15-source-06	15-source-06-7
15-06-8	东州山	山		15-source-06	15-source-06-8
15-06-9	白水山	山		15-source-06	15-source-06-9
15-06-10	白水	水	15-06-9	15-source-06	15-source-06-9
15-06-11	白渊	水	15-06-10	15-source-06	15-source-06-9
15-06-12	张弘	人		15-source-06	15-source-06-10
15-06-13	张弘国	国		15-source-06	15-source-06-11
15-06-14	驩头	人		15-source-06	15-source-06-13,15-source-06-14,15-source-06-15,15-source-06-16
15-06-15	驩头国	国		15-source-06	15-source-06-17
15-06-16	岳山	山		15-source-06	15-source-06-18
15-06-17	朱木	木		15-source-06	15-source-06-19
15-06-18	申山	山		15-source-06	15-source-06-20
15-07-1	天台山	山		15-source-07	15-source-07-1
15-07-2	盖犹山	山		15-source-07	15-source-07-2
15-07-3	甘柤	木	15-07-2	15-source-07	15-source-07-2
15-07-4	甘华	木	15-07-2	15-source-07	15-source-07-3
15-07-5	三骓	兽		15-source-07	15-source-07-5
15-07-6	菌人	人		15-source-07	15-source-07-7
15-07-7	南类山	山		15-source-07	15-source-07-8,15-source-07-9
16-01-1	不周山	山		16-source-01	16-source-01-1
16-01-2	寒暑水	水		16-source-01	16-source-01-2
16-01-3	湿山	山		16-source-01	16-source-01-3
16-01-4	幕山	山		16-source-01	16-source-01-3
16-01-5	禹攻共工国山	山		16-source-01	16-source-01-4
16-01-6	淑士国	国		16-source-01	16-source-01-5
16-01-7	女娲之肠	神		16-source-01	16-source-01-6
16-01-8	石夷	人		16-source-01	16-source-01-7
16-01-9	狂鸟	鸟		16-source-01	16-source-01-8
16-01-10	大泽长山	山		16-source-01	16-source-01-9
16-01-11	白民国	国		16-source-01	16-source-01-10
16-01-12	长胫国	国		16-source-01	16-source-01-11
16-01-13	西周国	国		16-source-01	16-source-01-12
16-01-14	叔均	人	16-01-13	16-source-01	16-source-01-13,16-source-01-16
16-01-15	后稷	人		16-source-01	16-source-01-14
16-01-16	台玺	人		16-source-01	16-source-01-15
16-01-17	赤国妻氏	国		16-source-01	16-source-01-17
16-01-18	双山	山		16-source-01	16-source-01-18
16-02-1	方山	山		16-source-02	16-source-02-1
16-02-2	柜格之松	木	16-02-1	16-source-02	16-source-02-1
16-02-3	天民国	国		16-source-02	16-source-02-2
16-02-4	北狄国	国		16-source-02	16-source-02-3,16-source-02-4
16-02-5	始均	人		16-source-02	16-source-02-4
16-02-6	芒山	山		16-source-02	16-source-02-5
16-02-7	桂山	山		16-source-02	16-source-02-6
16-02-8	榣山	山		16-source-02	16-source-02-7
16-02-9	太子长琴	人	16-02-8	16-source-02	16-source-02-8,16-source-02-9
16-02-10	皇鸟	鸟		16-source-02	16-source-02-10
16-02-11	鸾鸟	鸟		16-source-02	16-source-02-10,16-source-02-19
16-02-12	凤鸟	鸟		16-source-02	16-source-02-10,16-source-02-19
16-02-13	丰沮玉门	山		16-source-02	16-source-02-12
16-02-14	灵山	山		16-source-02	16-source-02-13
16-02-15	西王母山	山		16-source-02	16-source-02-14
16-02-16	壑山	山		16-source-02	16-source-02-14
16-02-17	海山	山		16-source-02	16-source-02-14
16-02-18	沃民国	国		16-source-02	16-source-02-15,16-source-02-16,16-source-02-17,16-source-02-18
16-02-19	甘华	木	16-02-18	16-source-02	16-source-02-18
16-02-20	甘柤	木	16-02-18	16-source-02	16-source-02-18
16-02-21	白柳	木	16-02-18	16-source-02	16-source-02-18
16-02-22	视肉	兽	16-02-18	16-source-02	16-source-02-18
16-02-23	三骓	兽	16-02-18	16-source-02	16-source-02-18
16-02-24	璇瑰	玉	16-02-18	16-source-02	16-source-02-18
16-02-25	瑶碧	玉	16-02-18	16-source-02	16-source-02-18
16-02-26	白木	木	16-02-18	16-source-02	16-source-02-18
16-02-27	琅玕	木	16-02-18	16-source-02	16-source-02-18
16-03-1	大鵹	鸟		16-source-03	16-source-03-1
16-03-2	少鵹	鸟		16-source-03	16-source-03-1
16-03-3	青鸟	鸟		16-source-03	16-source-03-1
16-03-4	轩辕台	山		16-source-03	16-source-03-2
16-03-5	龙山	山		16-source-03	16-source-03-3
16-03-6	三淖	水		16-source-03	16-source-03-4
16-03-7	女丑之尸	人		16-source-03	16-source-03-5
16-03-8	女子国	国		16-source-03	16-source-03-6
16-03-9	桃山	山		16-source-03	16-source-03-7
16-03-10	䖟山	山		16-source-03	16-source-03-8
16-03-11	于土山	山		16-source-03	16-source-03-10
16-03-12	丈夫国	国		16-source-03	16-source-03-11
16-03-13	弇州山	山		16-source-03	16-source-03-12
16-03-14	鸣鸟	鸟	16-03-13	16-source-03	16-source-03-12
16-04-1	轩辕国	国		16-source-04	16-source-04-1,16-source-04-2
16-04-2	弇兹	神		16-source-04	16-source-04-3
16-04-3	日月山	山		16-source-04	16-source-04-4
16-04-4	吴姖天门	山	16-04-3	16-source-04	16-source-04-5
16-04-5	嘘	神		16-source-04	16-source-04-6
16-04-6	噎	神		16-source-04	16-source-04-7
16-04-7	天虞	人		16-source-04	16-source-04-8
16-04-8	常羲	人		16-source-04	16-source-04-10
16-04-9	玄丹山	山		16-source-04	16-source-04-11
16-04-10	青鳼	鸟		16-source-04	16-source-04-13
16-04-11	黄鷔	鸟		16-source-04	16-source-04-13
16-05-1	孟翼之攻颛顼之池	水		16-source-05	16-source-05-1
16-05-2	鏖鏊钜山	山		16-source-05	16-source-05-2
16-05-3	屏蓬	兽		16-source-05	16-source-05-3
16-05-4	巫山	山		16-source-05	16-source-05-4
16-05-5	金门山	山		16-source-05	16-source-05-6
16-05-6	黄姖之尸	人	16-05-5	16-source-05	16-source-05-6
16-05-7	比翼鸟	鸟		16-source-05	16-source-05-7
16-05-8	白鸟	鸟		16-source-05	16-source-05-8
16-05-9	天犬	兽		16-source-05	16-source-05-9
16-05-10	昆仑丘	山		16-source-05	16-source-05-10,16-source-05-14
16-05-11	昆仑神	神	16-05-10	16-source-05	16-source-05-11
16-05-12	弱水	水	16-05-10	16-source-05	16-source-05-12
16-05-13	炎火山	山	16-05-10	16-source-05	16-source-05-12
16-05-14	西王母	神	16-05-10	16-source-05	16-source-05-13
16-06-1	常阳山	山		16-source-06	16-source-06-1
16-06-2	寒荒国	国		16-source-06	16-source-06-2
16-06-3	女祭	人		16-source-06	16-source-06-3
16-06-4	女薎	人		16-source-06	16-source-06-3
16-06-5	寿麻国	国		16-source-06	16-source-06-4,16-source-06-5,16-source-06-6,16-source-06-7,16-source-06-8
16-06-6	女虔	人	16-06-5	16-source-06	16-source-06-5
16-06-7	季格	人	16-06-5	16-source-06	16-source-06-6
16-06-8	寿麻	人	16-06-5	16-source-06	16-source-06-6,16-source-06-7,16-source-06-8
16-06-9	夏耕之尸	人		16-source-06	16-source-06-9,16-source-06-10,16-source-06-11
16-06-10	吴回	人		16-source-06	16-source-06-12
16-06-11	盖山国	国		16-source-06	16-source-06-13
16-06-12	朱木	木	16-06-11	16-source-06	16-source-06-14
16-06-13	一臂民	人		16-source-06	16-source-06-15
16-06-14	大荒山	山		16-source-06	16-source-06-16
16-06-15	三面人	人		16-source-06	16-source-06-17
16-07-1	夏后开	人		16-source-07	16-source-07-1,16-source-07-2,16-source-07-3
16-07-2	天穆野	谷		16-source-07	16-source-07-3
16-07-3	氐人国	国		16-source-07	16-source-07-4,16-source-07-5
16-07-4	灵恝	人		16-source-07	16-source-07-5
16-07-5	鱼妇	鱼		16-source-07	16-source-07-6,16-source-07-7,16-source-07-8
16-07-6	𪇆鸟	鸟		16-source-07	16-source-07-9
16-07-7	大巫山	山		16-source-07	16-source-07-10
16-07-8	金山	山		16-source-07	16-source-07-11
16-07-9	偏句山	山		16-source-07	16-source-07-12
16-07-10	常羊山	山		16-source-07	16-source-07-12
17-01-1	附禺山	山		17-source-01	17-source-01-1
17-01-2	卫丘山	山		17-source-01	17-source-01-3
17-01-3	封渊	水	17-01-2	17-source-01	17-source-01-5
17-01-4	沈渊	水	17-01-2	17-source-01	17-source-01-7
17-01-5	胡不与国	国		17-source-01	17-source-01-8
17-01-6	不咸山	山		17-source-01	17-source-01-9
17-01-7	肃慎氏国	国		17-source-01	17-source-01-10
17-01-8	蜚蛭	虫		17-source-01	17-source-01-11
17-01-9	琴虫	虫		17-source-01	17-source-01-12
17-01-10	大人国	国		17-source-01	17-source-01-14
17-02-1	榆山	山		17-source-02	17-source-02-1
17-02-2	鲧攻程州山	山		17-source-02	17-source-02-2
17-02-3	衡天山	山		17-source-02	17-source-02-3
17-02-4	先民山	山		17-source-02	17-source-02-4
17-02-5	叔歜国	国		17-source-02	17-source-02-6
17-02-6	猎猎	兽		17-source-02	17-source-02-7
17-02-7	北齐国	国		17-source-02	17-source-02-8
17-02-8	先槛大逢山	山		17-source-02	17-source-02-9
17-02-9	禹所积石山	山		17-source-02	17-source-02-10
17-02-10	阳山	山		17-source-02	17-source-02-11
17-02-11	顺山	山		17-source-02	17-source-02-12
17-02-12	顺水	水	17-02-11	17-source-02	17-source-02-12
17-02-13	始州国	国		17-source-02	17-source-02-13
17-02-14	丹山	山	17-02-13	17-source-02	17-source-02-13
17-03-1	大泽	水		17-source-03	17-source-03-1
17-03-2	毛民国	国		17-source-03	17-source-03-2
17-03-3	儋耳国	国		17-source-03	17-source-03-5
17-03-4	禺彊	神		17-source-03	17-source-03-6
17-03-5	北极天柜山	山		17-source-03	17-source-03-7
17-03-6	九凤	神		17-source-03	17-source-03-8
17-03-7	彊良	神		17-source-03	17-source-03-9
17-04-1	成都载天山	山		17-source-04	17-source-04-1
17-04-2	夸父	人		17-source-04	17-source-04-2,17-source-04-3,17-source-04-4,17-source-04-5
17-04-3	应龙	神		17-source-04	17-source-04-6
17-04-4	无肠国	国		17-source-04	17-source-04-7
17-04-5	相繇	神		17-source-04	17-source-04-8,17-source-04-9,17-source-04-10
17-05-1	岳山	山		17-source-05	17-source-05-1
17-05-2	寻竹	木	17-05-1	17-source-05	17-source-05-1
17-05-3	不句山	山		17-source-05	17-source-05-2
17-05-4	系昆山	山		17-source-05	17-source-05-3
17-05-5	共工台	台	17-05-4	17-source-05	17-source-05-3
17-05-6	女魃	神		17-source-05	17-source-05-4,17-source-05-8,17-source-05-9,17-source-05-11,17-source-05-12
17-05-7	叔均	人		17-source-05	17-source-05-9,17-source-05-10
17-06-1	深目民国	国		17-source-06	17-source-06-1
17-06-2	锺山	山		17-source-06	17-source-06-2
17-06-3	赤水女魃	神		17-source-06	17-source-06-3
17-06-4	融父山	山		17-source-06	17-source-06-4
17-06-5	犬戎	国		17-source-06	17-source-06-5,17-source-06-6
17-06-6	戎宣王尸	兽		17-source-06	17-source-06-7
17-06-7	齐州山	山		17-source-06	17-source-06-8
17-06-8	君山	山		17-source-06	17-source-06-8
17-06-9	𩱕山	山		17-source-06	17-source-06-8
17-06-10	鲜野山	山		17-source-06	17-source-06-8
17-06-11	鱼山	山		17-source-06	17-source-06-8
17-06-12	一目民	人		17-source-06	17-source-06-9,17-source-06-10
17-06-13	无继民	人		17-source-06	17-source-06-11
17-06-14	中䡢国	国		17-source-06	17-source-06-12
17-07-1	赖丘国	国		17-source-07	17-source-07-1
17-07-2	犬戎国	国		17-source-07	17-source-07-2,17-source-07-3
17-07-3	苗民	人		17-source-07	17-source-07-4,17-source-07-5
17-07-4	章山	山		17-source-07	17-source-07-6
17-07-5	衡石山	山		17-source-07	17-source-07-7
17-07-6	九阴山	山		17-source-07	17-source-07-7
17-07-7	灰野山	山		17-source-07	17-source-07-7
17-07-8	若木	木	17-07-7	17-source-07	17-source-07-7
17-07-9	牛黎国	国		17-source-07	17-source-07-8,17-source-07-9
17-07-10	章尾山	山		17-source-07	17-source-07-10
17-07-11	烛龙	神	17-07-10	17-source-07	17-source-07-11,17-source-07-12
18-01-1	朝鲜	国		18-source-01	18-source-01-1
18-01-2	天毒	国		18-source-01	18-source-01-1
18-01-3	壑市	国		18-source-01	18-source-01-2
18-01-4	氾叶	国		18-source-01	18-source-01-3
18-01-5	鸟山	山		18-source-01	18-source-01-4
18-01-6	淮山	山		18-source-01	18-source-01-6
18-01-7	好水	水	18-01-6	18-source-01	18-source-01-6
18-01-8	朝云国	国		18-source-01	18-source-01-7
18-01-9	司彘国	国		18-source-01	18-source-01-7
18-01-10	雷祖	人		18-source-01	18-source-01-8
18-01-11	昌意	人		18-source-01	18-source-01-8
18-01-12	韩流	人		18-source-01	18-source-01-8,18-source-01-9
18-01-13	颛顼	人		18-source-01	18-source-01-9
18-01-14	不死之山	山		18-source-01	18-source-01-10
18-01-15	肇山	山		18-source-01	18-source-01-11
18-01-16	柏子高	人		18-source-01	18-source-01-12
18-02-1	都广之野	地		18-source-02	18-source-02-1,18-source-02-2,18-source-02-3,18-source-02-4,18-source-02-5,18-source-02-6
18-02-2	后稷	人		18-source-02	18-source-02-1
18-02-3	素女	人		18-source-02	18-source-02-2
18-02-4	鸾鸟	鸟		18-source-02	18-source-02-4
18-02-5	凤鸟	鸟		18-source-02	18-source-02-4
18-02-6	若木	木		18-source-02	18-source-02-7
18-02-7	若水	水	18-02-6	18-source-02	18-source-02-7
18-02-8	禺中国	国		18-source-02	18-source-02-8
18-02-9	列襄国	国		18-source-02	18-source-02-9
18-02-10	灵山	山		18-source-02	18-source-02-10
18-02-11	蝡蛇	兽	18-02-10	18-source-02	18-source-02-10
18-02-12	盐长国	国		18-source-02	18-source-02-11
18-02-13	鸟氏	人		18-source-02	18-source-02-12
18-02-14	陶唐之丘	山		18-source-02	18-source-02-13
18-02-15	叔得之丘	山		18-source-02	18-source-02-13
18-02-16	孟盈之丘	山		18-source-02	18-source-02-13
18-02-17	昆吾之丘	山		18-source-02	18-source-02-13
18-02-18	黑白之丘	山		18-source-02	18-source-02-13
18-02-19	赤望之丘	山		18-source-02	18-source-02-13
18-02-20	参卫之丘	山		18-source-02	18-source-02-13
18-02-21	武夫之丘	山		18-source-02	18-source-02-13
18-02-22	神民之丘	山		18-source-02	18-source-02-13
18-02-23	建木	木		18-source-02	18-source-02-14
18-02-24	大皞	人		18-source-02	18-source-02-14
18-03-1	窫窳	兽		18-source-03	18-source-03-1
18-03-2	猩猩	兽		18-source-03	18-source-03-2
18-03-3	巴国	国		18-source-03	18-source-03-3
18-03-4	咸鸟	人		18-source-03	18-source-03-4
18-03-5	乘釐	人		18-source-03	18-source-03-4
18-03-6	后照	人		18-source-03	18-source-03-4
18-03-7	流黄辛氏国	国		18-source-03	18-source-03-5
18-03-8	巴遂山	山		18-source-03	18-source-03-6
18-03-9	渑水	水	18-03-8	18-source-03	18-source-03-6
18-03-10	朱卷国	国		18-source-03	18-source-03-7
18-03-11	黑蛇	兽		18-source-03	18-source-03-8
18-03-12	赣巨人	人		18-source-03	18-source-03-9
18-03-13	黑人	人		18-source-03	18-source-03-10
18-03-14	嬴民	人		18-source-03	18-source-03-11
18-03-15	封豕	兽		18-source-03	18-source-03-12
18-03-16	苗民	人		18-source-03	18-source-03-13
18-03-17	延维	神		18-source-03	18-source-03-14
18-04-1	𡹤狗	兽		18-source-04	18-source-04-3
18-04-2	翠鸟	鸟		18-source-04	18-source-04-4
18-04-3	孔鸟	鸟		18-source-04	18-source-04-5
18-04-4	衡山	山		18-source-04	18-source-04-6
18-04-5	菌山	山		18-source-04	18-source-04-6
18-04-6	桂山	山		18-source-04	18-source-04-6
18-04-7	三天子之都	山		18-source-04	18-source-04-7
18-04-8	苍梧之丘	山		18-source-04	18-source-04-8
18-04-9	苍梧之渊	水		18-source-04	18-source-04-8
18-04-10	九嶷山	山		18-source-04	18-source-04-8,18-source-04-9
18-04-11	蛇山	山		18-source-04	18-source-04-10
18-04-12	蛇水	水	18-04-11	18-source-04	18-source-04-10
18-04-13	翳鸟	鸟		18-source-04	18-source-04-11
18-04-14	不距山	山		18-source-04	18-source-04-12
18-04-15	巧倕	人		18-source-04	18-source-04-12
18-04-16	相顾之尸	人		18-source-04	18-source-04-13
18-05-1	伯夷父	人		18-source-05	18-source-05-1
18-05-2	西岳	人		18-source-05	18-source-05-1
18-05-3	先龙	人		18-source-05	18-source-05-1
18-05-4	氐羌	人		18-source-05	18-source-05-1
18-05-5	幽都之山	山		18-source-05	18-source-05-2
18-05-6	黑水	水	18-05-5	18-source-05	18-source-05-2
18-05-7	大玄之山	山		18-source-05	18-source-05-4
18-05-8	玄丘之民	人		18-source-05	18-source-05-5
18-05-9	大幽国	国		18-source-05	18-source-05-6
18-05-10	赤胫之民	人		18-source-05	18-source-05-7
18-05-11	钉灵国	国		18-source-05	18-source-05-8
18-05-12	伯陵	人		18-source-05	18-source-05-9
18-05-13	阿女缘妇	人		18-source-05	18-source-05-9
18-05-14	鼓	人		18-source-05	18-source-05-9,18-source-05-10
18-05-15	延	人		18-source-05	18-source-05-9,18-source-05-10
18-05-16	殳	人		18-source-05	18-source-05-9,18-source-05-10
18-05-17	骆明	人		18-source-05	18-source-05-11
18-05-18	鲧	人		18-source-05	18-source-05-11
18-05-19	禺号	人		18-source-05	18-source-05-12
18-05-20	淫梁	人		18-source-05	18-source-05-12
18-05-21	番禺	人		18-source-05	18-source-05-12,18-source-05-13
18-05-22	奚仲	人		18-source-05	18-source-05-13
18-05-23	吉光	人		18-source-05	18-source-05-13
18-06-1	少皞	人		18-source-06	18-source-06-1
18-06-2	般	人		18-source-06	18-source-06-1
18-06-3	帝俊	神		18-source-06	18-source-06-2,18-source-06-3,18-source-06-4,18-source-06-5
18-06-4	羿	人		18-source-06	18-source-06-2
18-06-5	晏龙	人		18-source-06	18-source-06-3
18-06-6	三身	人		18-source-06	18-source-06-5
18-06-7	义均	人		18-source-06	18-source-06-5
18-06-8	叔均	人		18-source-06	18-source-06-7
18-06-9	禹	人		18-source-06	18-source-06-9
18-07-1	听訞	人		18-source-07	18-source-07-1
18-07-2	炎居	人		18-source-07	18-source-07-1
18-07-3	节并	人		18-source-07	18-source-07-1
18-07-4	戏器	人		18-source-07	18-source-07-1
18-07-5	祝融	神		18-source-07	18-source-07-1,18-source-07-2,18-source-07-7
18-07-6	共工	神		18-source-07	18-source-07-2,18-source-07-3,18-source-07-4
18-07-7	术器	人		18-source-07	18-source-07-3
18-07-8	后土	神		18-source-07	18-source-07-4
18-07-9	噎鸣	人		18-source-07	18-source-07-4
18-07-10	息壤	物		18-source-07	18-source-07-6
